<?xml version='1.0' encoding='UTF-8' standalone='no'?>
<doxygen xmlns:xsi="http://www.w3.org/2001/XMLSchema-instance" xsi:noNamespaceSchemaLocation="compound.xsd" version="1.8.18">
  <compounddef id="_command_8cpp" kind="file" language="C++">
    <compoundname>Command.cpp</compoundname>
    <includes refid="stdafx_8h" local="yes">stdafx.h</includes>
    <includes refid="_command_8h" local="yes">Command.h</includes>
    <incdepgraph>
      <node id="4">
        <label>SDKDDKVer.h</label>
      </node>
      <node id="3">
        <label>targetver.h</label>
        <link refid="targetver_8h"/>
        <childnode refid="4" relation="include">
        </childnode>
      </node>
      <node id="1">
        <label>D:/SU_2019_2020/OOP_2020/projects/project_02/Storage/project_2_Storage/project_2_Storage/Command.cpp</label>
        <link refid="_command_8cpp"/>
        <childnode refid="2" relation="include">
        </childnode>
        <childnode refid="7" relation="include">
        </childnode>
      </node>
      <node id="9">
        <label>string</label>
      </node>
      <node id="7">
        <label>Command.h</label>
        <link refid="_command_8h"/>
        <childnode refid="8" relation="include">
        </childnode>
        <childnode refid="9" relation="include">
        </childnode>
      </node>
      <node id="6">
        <label>tchar.h</label>
      </node>
      <node id="2">
        <label>stdafx.h</label>
        <link refid="stdafx_8h"/>
        <childnode refid="3" relation="include">
        </childnode>
        <childnode refid="5" relation="include">
        </childnode>
        <childnode refid="6" relation="include">
        </childnode>
      </node>
      <node id="8">
        <label>Date.h</label>
        <link refid="_date_8h"/>
      </node>
      <node id="5">
        <label>stdio.h</label>
      </node>
    </incdepgraph>
    <briefdescription>
    </briefdescription>
    <detaileddescription>
    </detaileddescription>
    <programlisting>
<codeline lineno="1"><highlight class="preprocessor">#include<sp/>&quot;<ref refid="stdafx_8h" kindref="compound">stdafx.h</ref>&quot;</highlight><highlight class="normal"></highlight></codeline>
<codeline lineno="2"><highlight class="normal"></highlight><highlight class="preprocessor">#include<sp/>&quot;<ref refid="_command_8h" kindref="compound">Command.h</ref>&quot;</highlight><highlight class="normal"></highlight></codeline>
<codeline lineno="3"><highlight class="normal"></highlight></codeline>
<codeline lineno="4"><highlight class="normal"></highlight></codeline>
<codeline lineno="5" refid="class_command_1a18df2d81039392daeb0b78c346a70537" refkind="member"><highlight class="normal"><ref refid="class_command_1a18df2d81039392daeb0b78c346a70537" kindref="member">Command::Command</ref>()</highlight></codeline>
<codeline lineno="6"><highlight class="normal">{</highlight></codeline>
<codeline lineno="7"><highlight class="normal"><sp/><sp/><sp/><sp/><ref refid="class_date" kindref="compound">Date</ref><sp/>defaultDate;</highlight></codeline>
<codeline lineno="8"><highlight class="normal"><sp/><sp/><sp/><sp/>this-&gt;<ref refid="class_command_1a7a6e618851df0485fd4cc264cb222e99" kindref="member">command</ref><sp/>=<sp/></highlight><highlight class="stringliteral">&quot;&quot;</highlight><highlight class="normal">;</highlight></codeline>
<codeline lineno="9"><highlight class="normal"><sp/><sp/><sp/><sp/>this-&gt;<ref refid="class_command_1a17e3b6a10cc11eb0685fcde511637f0c" kindref="member">date</ref><sp/>=<sp/>defaultDate;</highlight></codeline>
<codeline lineno="10"><highlight class="normal">}</highlight></codeline>
<codeline lineno="11" refid="class_command_1a48745ed3b501f2ed0558e2b683e9878f" refkind="member"><highlight class="normal"><ref refid="class_command_1a18df2d81039392daeb0b78c346a70537" kindref="member">Command::Command</ref>(</highlight><highlight class="keyword">const</highlight><highlight class="normal"><sp/>std::string<sp/>command,<sp/></highlight><highlight class="keyword">const</highlight><highlight class="normal"><sp/><ref refid="class_date" kindref="compound">Date</ref><sp/>date)</highlight></codeline>
<codeline lineno="12"><highlight class="normal">{</highlight></codeline>
<codeline lineno="13"><highlight class="normal"><sp/><sp/><sp/><sp/>this-&gt;command<sp/>=<sp/><ref refid="class_command_1a7a6e618851df0485fd4cc264cb222e99" kindref="member">command</ref>;</highlight></codeline>
<codeline lineno="14"><highlight class="normal"><sp/><sp/><sp/><sp/>this-&gt;date<sp/>=<sp/><ref refid="class_command_1a17e3b6a10cc11eb0685fcde511637f0c" kindref="member">date</ref>;</highlight></codeline>
<codeline lineno="15"><highlight class="normal">}</highlight></codeline>
<codeline lineno="16"><highlight class="normal"></highlight></codeline>
<codeline lineno="17" refid="class_command_1a8f6febe357b2cf07a12a23a52472367d" refkind="member"><highlight class="normal">std::string<sp/><ref refid="class_command_1a8f6febe357b2cf07a12a23a52472367d" kindref="member">Command::get_command</ref>()</highlight><highlight class="keyword"><sp/>const</highlight></codeline>
<codeline lineno="18"><highlight class="keyword"></highlight><highlight class="normal">{</highlight></codeline>
<codeline lineno="19"><highlight class="normal"><sp/><sp/><sp/><sp/></highlight><highlight class="keywordflow">return</highlight><highlight class="normal"><sp/>this-&gt;<ref refid="class_command_1a7a6e618851df0485fd4cc264cb222e99" kindref="member">command</ref>;</highlight></codeline>
<codeline lineno="20"><highlight class="normal">}</highlight></codeline>
<codeline lineno="21" refid="class_command_1a18a0dec3800b9e6ae25619068af4bd4f" refkind="member"><highlight class="normal"><ref refid="class_date" kindref="compound">Date</ref><sp/><ref refid="class_command_1a18a0dec3800b9e6ae25619068af4bd4f" kindref="member">Command::get_date</ref>()</highlight><highlight class="keyword"><sp/>const</highlight></codeline>
<codeline lineno="22"><highlight class="keyword"></highlight><highlight class="normal">{</highlight></codeline>
<codeline lineno="23"><highlight class="normal"><sp/><sp/><sp/><sp/></highlight><highlight class="keywordflow">return</highlight><highlight class="normal"><sp/>this-&gt;<ref refid="class_command_1a17e3b6a10cc11eb0685fcde511637f0c" kindref="member">date</ref>;</highlight></codeline>
<codeline lineno="24"><highlight class="normal">}</highlight></codeline>
    </programlisting>
    <location file="D:/SU_2019_2020/OOP_2020/projects/project_02/Storage/project_2_Storage/project_2_Storage/Command.cpp"/>
  </compounddef>
</doxygen>
