<?xml version='1.0' encoding='UTF-8' standalone='no'?>
<doxygen xmlns:xsi="http://www.w3.org/2001/XMLSchema-instance" xsi:noNamespaceSchemaLocation="compound.xsd" version="1.8.18">
  <compounddef id="_command_8h" kind="file" language="C++">
    <compoundname>Command.h</compoundname>
    <includes refid="_date_8h" local="yes">Date.h</includes>
    <includes local="no">string</includes>
    <includedby refid="_command_8cpp" local="yes">D:/SU_2019_2020/OOP_2020/projects/project_02/Storage/project_2_Storage/project_2_Storage/Command.cpp</includedby>
    <includedby refid="_storage_8h" local="yes">D:/SU_2019_2020/OOP_2020/projects/project_02/Storage/project_2_Storage/project_2_Storage/Storage.h</includedby>
    <incdepgraph>
      <node id="3">
        <label>string</label>
      </node>
      <node id="1">
        <label>D:/SU_2019_2020/OOP_2020/projects/project_02/Storage/project_2_Storage/project_2_Storage/Command.h</label>
        <link refid="_command_8h"/>
        <childnode refid="2" relation="include">
        </childnode>
        <childnode refid="3" relation="include">
        </childnode>
      </node>
      <node id="2">
        <label>Date.h</label>
        <link refid="_date_8h"/>
      </node>
    </incdepgraph>
    <invincdepgraph>
      <node id="2">
        <label>D:/SU_2019_2020/OOP_2020/projects/project_02/Storage/project_2_Storage/project_2_Storage/Command.cpp</label>
        <link refid="_command_8cpp"/>
      </node>
      <node id="3">
        <label>D:/SU_2019_2020/OOP_2020/projects/project_02/Storage/project_2_Storage/project_2_Storage/Storage.h</label>
        <link refid="_storage_8h"/>
        <childnode refid="4" relation="include">
        </childnode>
        <childnode refid="5" relation="include">
        </childnode>
      </node>
      <node id="1">
        <label>D:/SU_2019_2020/OOP_2020/projects/project_02/Storage/project_2_Storage/project_2_Storage/Command.h</label>
        <link refid="_command_8h"/>
        <childnode refid="2" relation="include">
        </childnode>
        <childnode refid="3" relation="include">
        </childnode>
      </node>
      <node id="5">
        <label>D:/SU_2019_2020/OOP_2020/projects/project_02/Storage/project_2_Storage/project_2_Storage/Storage.cpp</label>
        <link refid="_storage_8cpp"/>
      </node>
      <node id="4">
        <label>D:/SU_2019_2020/OOP_2020/projects/project_02/Storage/project_2_Storage/project_2_Storage/project_2_Storage.cpp</label>
        <link refid="project__2___storage_8cpp"/>
      </node>
    </invincdepgraph>
    <innerclass refid="class_command" prot="public">Command</innerclass>
    <briefdescription>
    </briefdescription>
    <detaileddescription>
    </detaileddescription>
    <programlisting>
<codeline lineno="1"><highlight class="preprocessor">#pragma<sp/>once</highlight><highlight class="normal"></highlight></codeline>
<codeline lineno="2"><highlight class="normal"></highlight><highlight class="preprocessor">#include&quot;<ref refid="_date_8h" kindref="compound">Date.h</ref>&quot;</highlight><highlight class="normal"></highlight></codeline>
<codeline lineno="3"><highlight class="normal"></highlight><highlight class="preprocessor">#include&lt;string&gt;</highlight></codeline>
<codeline lineno="7" refid="class_command" refkind="compound"><highlight class="keyword">class<sp/></highlight><highlight class="normal"><ref refid="class_command" kindref="compound">Command</ref></highlight></codeline>
<codeline lineno="8"><highlight class="normal">{</highlight></codeline>
<codeline lineno="9"><highlight class="normal"></highlight><highlight class="keyword">private</highlight><highlight class="normal">:</highlight></codeline>
<codeline lineno="10" refid="class_command_1a7a6e618851df0485fd4cc264cb222e99" refkind="member"><highlight class="normal"><sp/><sp/><sp/><sp/>std::string<sp/><ref refid="class_command_1a7a6e618851df0485fd4cc264cb222e99" kindref="member">command</ref>;</highlight></codeline>
<codeline lineno="11" refid="class_command_1a17e3b6a10cc11eb0685fcde511637f0c" refkind="member"><highlight class="normal"><sp/><sp/><sp/><sp/><ref refid="class_date" kindref="compound">Date</ref><sp/><ref refid="class_command_1a17e3b6a10cc11eb0685fcde511637f0c" kindref="member">date</ref>;</highlight></codeline>
<codeline lineno="12"><highlight class="normal"></highlight><highlight class="keyword">public</highlight><highlight class="normal">:</highlight></codeline>
<codeline lineno="13"><highlight class="normal"><sp/><sp/><sp/><sp/><ref refid="class_command_1a18df2d81039392daeb0b78c346a70537" kindref="member">Command</ref>();</highlight></codeline>
<codeline lineno="14"><highlight class="normal"><sp/><sp/><sp/><sp/><ref refid="class_command_1a18df2d81039392daeb0b78c346a70537" kindref="member">Command</ref>(</highlight><highlight class="keyword">const</highlight><highlight class="normal"><sp/>std::string<sp/><ref refid="class_command_1a7a6e618851df0485fd4cc264cb222e99" kindref="member">command</ref>,<sp/></highlight><highlight class="keyword">const</highlight><highlight class="normal"><sp/><ref refid="class_date" kindref="compound">Date</ref><sp/><ref refid="class_command_1a17e3b6a10cc11eb0685fcde511637f0c" kindref="member">date</ref>);</highlight></codeline>
<codeline lineno="15"><highlight class="normal"></highlight></codeline>
<codeline lineno="16"><highlight class="normal"><sp/><sp/><sp/><sp/>std::string<sp/><ref refid="class_command_1a8f6febe357b2cf07a12a23a52472367d" kindref="member">get_command</ref>()<sp/></highlight><highlight class="keyword">const</highlight><highlight class="normal">;</highlight></codeline>
<codeline lineno="17"><highlight class="normal"><sp/><sp/><sp/><sp/><ref refid="class_date" kindref="compound">Date</ref><sp/><ref refid="class_command_1a18a0dec3800b9e6ae25619068af4bd4f" kindref="member">get_date</ref>()<sp/></highlight><highlight class="keyword">const</highlight><highlight class="normal">;</highlight></codeline>
<codeline lineno="18"><highlight class="normal">};</highlight></codeline>
<codeline lineno="19"><highlight class="normal"></highlight></codeline>
    </programlisting>
    <location file="D:/SU_2019_2020/OOP_2020/projects/project_02/Storage/project_2_Storage/project_2_Storage/Command.h"/>
  </compounddef>
</doxygen>
