<?xml version='1.0' encoding='UTF-8' standalone='no'?>
<doxygen xmlns:xsi="http://www.w3.org/2001/XMLSchema-instance" xsi:noNamespaceSchemaLocation="compound.xsd" version="1.8.18">
  <compounddef id="_input___storage_8txt" kind="file" language="C++">
    <compoundname>Input_Storage.txt</compoundname>
    <briefdescription>
    </briefdescription>
    <detaileddescription>
    </detaileddescription>
    <programlisting>
<codeline lineno="1"><highlight class="normal">60</highlight></codeline>
<codeline lineno="2"><highlight class="normal"><ref refid="class_product" kindref="compound">Product</ref>:<sp/>peach</highlight></codeline>
<codeline lineno="3"><highlight class="normal">Expiration<sp/>date:<sp/>12/12/2020</highlight></codeline>
<codeline lineno="4"><highlight class="normal">Unit:<sp/>kilograms</highlight></codeline>
<codeline lineno="5"><highlight class="normal">Qantity:<sp/>12</highlight></codeline>
<codeline lineno="6"><highlight class="normal">Note:<sp/>sdfsdf</highlight></codeline>
<codeline lineno="7"><highlight class="normal"></highlight></codeline>
    </programlisting>
    <location file="D:/SU_2019_2020/OOP_2020/projects/project_02/Storage/project_2_Storage/project_2_Storage/Input_Storage.txt"/>
  </compounddef>
</doxygen>
