<?xml version='1.0' encoding='UTF-8' standalone='no'?>
<doxygen xmlns:xsi="http://www.w3.org/2001/XMLSchema-instance" xsi:noNamespaceSchemaLocation="compound.xsd" version="1.8.18">
  <compounddef id="_place_8h" kind="file" language="C++">
    <compoundname>Place.h</compoundname>
    <includes local="no">vector</includes>
    <includes refid="_product_8h" local="yes">Product.h</includes>
    <includes refid="_date_8h" local="yes">Date.h</includes>
    <includedby refid="_place_8cpp" local="yes">D:/SU_2019_2020/OOP_2020/projects/project_02/Storage/project_2_Storage/project_2_Storage/Place.cpp</includedby>
    <includedby refid="_storage_8h" local="yes">D:/SU_2019_2020/OOP_2020/projects/project_02/Storage/project_2_Storage/project_2_Storage/Storage.h</includedby>
    <incdepgraph>
      <node id="5">
        <label>string</label>
      </node>
      <node id="1">
        <label>D:/SU_2019_2020/OOP_2020/projects/project_02/Storage/project_2_Storage/project_2_Storage/Place.h</label>
        <link refid="_place_8h"/>
        <childnode refid="2" relation="include">
        </childnode>
        <childnode refid="3" relation="include">
        </childnode>
        <childnode refid="4" relation="include">
        </childnode>
      </node>
      <node id="2">
        <label>vector</label>
      </node>
      <node id="4">
        <label>Date.h</label>
        <link refid="_date_8h"/>
      </node>
      <node id="3">
        <label>Product.h</label>
        <link refid="_product_8h"/>
        <childnode refid="4" relation="include">
        </childnode>
        <childnode refid="5" relation="include">
        </childnode>
      </node>
    </incdepgraph>
    <invincdepgraph>
      <node id="3">
        <label>D:/SU_2019_2020/OOP_2020/projects/project_02/Storage/project_2_Storage/project_2_Storage/Storage.h</label>
        <link refid="_storage_8h"/>
        <childnode refid="4" relation="include">
        </childnode>
        <childnode refid="5" relation="include">
        </childnode>
      </node>
      <node id="5">
        <label>D:/SU_2019_2020/OOP_2020/projects/project_02/Storage/project_2_Storage/project_2_Storage/Storage.cpp</label>
        <link refid="_storage_8cpp"/>
      </node>
      <node id="2">
        <label>D:/SU_2019_2020/OOP_2020/projects/project_02/Storage/project_2_Storage/project_2_Storage/Place.cpp</label>
        <link refid="_place_8cpp"/>
      </node>
      <node id="1">
        <label>D:/SU_2019_2020/OOP_2020/projects/project_02/Storage/project_2_Storage/project_2_Storage/Place.h</label>
        <link refid="_place_8h"/>
        <childnode refid="2" relation="include">
        </childnode>
        <childnode refid="3" relation="include">
        </childnode>
      </node>
      <node id="4">
        <label>D:/SU_2019_2020/OOP_2020/projects/project_02/Storage/project_2_Storage/project_2_Storage/project_2_Storage.cpp</label>
        <link refid="project__2___storage_8cpp"/>
      </node>
    </invincdepgraph>
    <innerclass refid="class_place" prot="public">Place</innerclass>
    <briefdescription>
    </briefdescription>
    <detaileddescription>
    </detaileddescription>
    <programlisting>
<codeline lineno="1"><highlight class="preprocessor">#pragma<sp/>once</highlight><highlight class="normal"></highlight></codeline>
<codeline lineno="2"><highlight class="normal"></highlight><highlight class="preprocessor">#include&lt;vector&gt;</highlight><highlight class="normal"></highlight></codeline>
<codeline lineno="3"><highlight class="normal"></highlight><highlight class="preprocessor">#include&quot;<ref refid="_product_8h" kindref="compound">Product.h</ref>&quot;</highlight><highlight class="normal"></highlight></codeline>
<codeline lineno="4"><highlight class="normal"></highlight><highlight class="preprocessor">#include&quot;<ref refid="_date_8h" kindref="compound">Date.h</ref>&quot;</highlight></codeline>
<codeline lineno="8" refid="class_place" refkind="compound"><highlight class="keyword">class<sp/></highlight><highlight class="normal"><ref refid="class_place" kindref="compound">Place</ref></highlight></codeline>
<codeline lineno="9"><highlight class="normal">{</highlight></codeline>
<codeline lineno="10"><highlight class="normal"></highlight><highlight class="keyword">private</highlight><highlight class="normal">:</highlight></codeline>
<codeline lineno="11" refid="class_place_1ac83bdec171f39b5976ac832ccf0e922c" refkind="member"><highlight class="normal"><sp/><sp/><sp/><sp/></highlight><highlight class="keywordtype">int</highlight><highlight class="normal"><sp/><ref refid="class_place_1ac83bdec171f39b5976ac832ccf0e922c" kindref="member">section</ref>;<sp/><sp/><sp/><sp/></highlight></codeline>
<codeline lineno="12" refid="class_place_1a7e8f242bfd96a4ae4a08c7d395e7644c" refkind="member"><highlight class="normal"><sp/><sp/><sp/><sp/></highlight><highlight class="keywordtype">int</highlight><highlight class="normal"><sp/><ref refid="class_place_1a7e8f242bfd96a4ae4a08c7d395e7644c" kindref="member">shelf</ref>;</highlight></codeline>
<codeline lineno="13" refid="class_place_1a830d0cbd6118337e27fa3952c04df72d" refkind="member"><highlight class="normal"><sp/><sp/><sp/><sp/></highlight><highlight class="keywordtype">int</highlight><highlight class="normal"><sp/><ref refid="class_place_1a830d0cbd6118337e27fa3952c04df72d" kindref="member">number</ref>;<sp/></highlight></codeline>
<codeline lineno="14"><highlight class="normal"></highlight></codeline>
<codeline lineno="15" refid="class_place_1a04282a657b721411f4f203d892eb1098" refkind="member"><highlight class="normal"><sp/><sp/><sp/><sp/></highlight><highlight class="keywordtype">int</highlight><highlight class="normal"><sp/><ref refid="class_place_1a04282a657b721411f4f203d892eb1098" kindref="member">volume</ref>;<sp/></highlight></codeline>
<codeline lineno="16" refid="class_place_1afd0fb3fb3dadb6c339bd8577261e553c" refkind="member"><highlight class="normal"><sp/><sp/><sp/><sp/></highlight><highlight class="keywordtype">int</highlight><highlight class="normal"><sp/><ref refid="class_place_1afd0fb3fb3dadb6c339bd8577261e553c" kindref="member">current_volume</ref>;<sp/></highlight></codeline>
<codeline lineno="17"><highlight class="normal"></highlight></codeline>
<codeline lineno="18" refid="class_place_1ac22598f53df4251a07736cc16de1cc50" refkind="member"><highlight class="normal"><sp/><sp/><sp/><sp/>std::vector&lt;Product&gt;<sp/><ref refid="class_place_1ac22598f53df4251a07736cc16de1cc50" kindref="member">products</ref>;<sp/></highlight></codeline>
<codeline lineno="19"><highlight class="normal"></highlight><highlight class="keyword">public</highlight><highlight class="normal">:</highlight></codeline>
<codeline lineno="20"><highlight class="normal"><sp/><sp/><sp/><sp/><ref refid="class_place_1ab5ae86c31e3a4c91800fb396d38e7a2b" kindref="member">Place</ref>();</highlight></codeline>
<codeline lineno="21"><highlight class="normal"><sp/><sp/><sp/><sp/><ref refid="class_place_1ab5ae86c31e3a4c91800fb396d38e7a2b" kindref="member">Place</ref>(</highlight><highlight class="keywordtype">int</highlight><highlight class="normal"><sp/><ref refid="class_place_1ac83bdec171f39b5976ac832ccf0e922c" kindref="member">section</ref>,<sp/></highlight><highlight class="keywordtype">int</highlight><highlight class="normal"><sp/><ref refid="class_place_1a7e8f242bfd96a4ae4a08c7d395e7644c" kindref="member">shelf</ref>,<sp/></highlight><highlight class="keywordtype">int</highlight><highlight class="normal"><sp/><ref refid="class_place_1a830d0cbd6118337e27fa3952c04df72d" kindref="member">number</ref>);</highlight></codeline>
<codeline lineno="22"><highlight class="normal"></highlight></codeline>
<codeline lineno="23"><highlight class="normal"><sp/><sp/><sp/><sp/></highlight><highlight class="keywordtype">int</highlight><highlight class="normal"><sp/><ref refid="class_place_1a0c227aafaa1c508078dc3c07c17d04af" kindref="member">get_section</ref>()<sp/></highlight><highlight class="keyword">const</highlight><highlight class="normal">;</highlight></codeline>
<codeline lineno="24"><highlight class="normal"><sp/><sp/><sp/><sp/></highlight><highlight class="keywordtype">int</highlight><highlight class="normal"><sp/><ref refid="class_place_1a6e28bffa98a3fbfbc69fe5724494286b" kindref="member">get_shelf</ref>()<sp/></highlight><highlight class="keyword">const</highlight><highlight class="normal">;</highlight></codeline>
<codeline lineno="25"><highlight class="normal"><sp/><sp/><sp/><sp/></highlight><highlight class="keywordtype">int</highlight><highlight class="normal"><sp/><ref refid="class_place_1abcacb7c6a6c953c6a4e4759b85318210" kindref="member">get_number</ref>()<sp/></highlight><highlight class="keyword">const</highlight><highlight class="normal">;</highlight></codeline>
<codeline lineno="26"><highlight class="normal"><sp/><sp/><sp/><sp/></highlight><highlight class="keywordtype">int</highlight><highlight class="normal"><sp/><ref refid="class_place_1a3ec453e09ac58b807f9095a46c755012" kindref="member">get_volume</ref>()<sp/></highlight><highlight class="keyword">const</highlight><highlight class="normal">;</highlight></codeline>
<codeline lineno="27"><highlight class="normal"><sp/><sp/><sp/><sp/></highlight><highlight class="keywordtype">int</highlight><highlight class="normal"><sp/><ref refid="class_place_1a296b3568f23c9daa916b6deb3b6245b9" kindref="member">get_current_volume</ref>()<sp/></highlight><highlight class="keyword">const</highlight><highlight class="normal">;</highlight></codeline>
<codeline lineno="28"><highlight class="normal"><sp/><sp/><sp/><sp/>std::vector&lt;Product&gt;<sp/><ref refid="class_place_1ae7f0023d4d764138b9741c0f741ec739" kindref="member">get_products</ref>()<sp/></highlight><highlight class="keyword">const</highlight><highlight class="normal">;</highlight></codeline>
<codeline lineno="29"><highlight class="normal"></highlight></codeline>
<codeline lineno="30"><highlight class="normal"><sp/><sp/><sp/><sp/></highlight><highlight class="keywordtype">void</highlight><highlight class="normal"><sp/><ref refid="class_place_1a00a4962b81cfc86cd5bf7e182bd1b55d" kindref="member">set_section</ref>(</highlight><highlight class="keywordtype">int</highlight><highlight class="normal"><sp/><ref refid="class_place_1ac83bdec171f39b5976ac832ccf0e922c" kindref="member">section</ref>);</highlight></codeline>
<codeline lineno="31"><highlight class="normal"><sp/><sp/><sp/><sp/></highlight><highlight class="keywordtype">void</highlight><highlight class="normal"><sp/><ref refid="class_place_1a4e9bf9dde239d4569daddca8e4a58850" kindref="member">set_shelf</ref>(</highlight><highlight class="keywordtype">int</highlight><highlight class="normal"><sp/><ref refid="class_place_1a7e8f242bfd96a4ae4a08c7d395e7644c" kindref="member">shelf</ref>);</highlight></codeline>
<codeline lineno="32"><highlight class="normal"><sp/><sp/><sp/><sp/></highlight><highlight class="keywordtype">void</highlight><highlight class="normal"><sp/><ref refid="class_place_1a02d51d6d7576dccf4a551af3dedf7672" kindref="member">set_number</ref>(</highlight><highlight class="keywordtype">int</highlight><highlight class="normal"><sp/><ref refid="class_place_1a830d0cbd6118337e27fa3952c04df72d" kindref="member">number</ref>);</highlight></codeline>
<codeline lineno="33"><highlight class="normal"><sp/><sp/><sp/><sp/></highlight><highlight class="keywordtype">void</highlight><highlight class="normal"><sp/><ref refid="class_place_1a77b8464a08e294bf39786bfa54e4258a" kindref="member">set_volume</ref>(</highlight><highlight class="keywordtype">int</highlight><highlight class="normal"><sp/><ref refid="class_place_1a04282a657b721411f4f203d892eb1098" kindref="member">volume</ref>);</highlight></codeline>
<codeline lineno="34"><highlight class="normal"><sp/><sp/><sp/><sp/></highlight><highlight class="keywordtype">void</highlight><highlight class="normal"><sp/><ref refid="class_place_1a5adf99ff0c8f13c918719a57e595f2c0" kindref="member">set_current_volume</ref>(</highlight><highlight class="keywordtype">int</highlight><highlight class="normal"><sp/><ref refid="class_place_1a04282a657b721411f4f203d892eb1098" kindref="member">volume</ref>);</highlight></codeline>
<codeline lineno="35"><highlight class="normal"><sp/><sp/><sp/><sp/></highlight><highlight class="keywordtype">void</highlight><highlight class="normal"><sp/><ref refid="class_place_1af495e78f80062f75e48e82224ff63134" kindref="member">set_products</ref>(std::vector&lt;Product&gt;<sp/><ref refid="class_place_1ac22598f53df4251a07736cc16de1cc50" kindref="member">products</ref>);</highlight></codeline>
<codeline lineno="36"><highlight class="normal"></highlight></codeline>
<codeline lineno="38"><highlight class="normal"><sp/><sp/><sp/><sp/></highlight><highlight class="keywordtype">void</highlight><highlight class="normal"><sp/><ref refid="class_place_1af595ae1fb6811e5384340fdecfb75b50" kindref="member">add_product</ref>(<ref refid="class_product" kindref="compound">Product</ref><sp/>pr);</highlight></codeline>
<codeline lineno="39"><highlight class="normal"></highlight></codeline>
<codeline lineno="40"><highlight class="normal">};</highlight></codeline>
<codeline lineno="41"><highlight class="normal"></highlight></codeline>
    </programlisting>
    <location file="D:/SU_2019_2020/OOP_2020/projects/project_02/Storage/project_2_Storage/project_2_Storage/Place.h"/>
  </compounddef>
</doxygen>
