<?xml version='1.0' encoding='UTF-8' standalone='no'?>
<doxygen xmlns:xsi="http://www.w3.org/2001/XMLSchema-instance" xsi:noNamespaceSchemaLocation="compound.xsd" version="1.8.18">
  <compounddef id="_place_8cpp" kind="file" language="C++">
    <compoundname>Place.cpp</compoundname>
    <includes refid="stdafx_8h" local="yes">stdafx.h</includes>
    <includes refid="_place_8h" local="yes">Place.h</includes>
    <incdepgraph>
      <node id="4">
        <label>SDKDDKVer.h</label>
      </node>
      <node id="3">
        <label>targetver.h</label>
        <link refid="targetver_8h"/>
        <childnode refid="4" relation="include">
        </childnode>
      </node>
      <node id="11">
        <label>string</label>
      </node>
      <node id="7">
        <label>Place.h</label>
        <link refid="_place_8h"/>
        <childnode refid="8" relation="include">
        </childnode>
        <childnode refid="9" relation="include">
        </childnode>
        <childnode refid="10" relation="include">
        </childnode>
      </node>
      <node id="1">
        <label>D:/SU_2019_2020/OOP_2020/projects/project_02/Storage/project_2_Storage/project_2_Storage/Place.cpp</label>
        <link refid="_place_8cpp"/>
        <childnode refid="2" relation="include">
        </childnode>
        <childnode refid="7" relation="include">
        </childnode>
      </node>
      <node id="8">
        <label>vector</label>
      </node>
      <node id="6">
        <label>tchar.h</label>
      </node>
      <node id="2">
        <label>stdafx.h</label>
        <link refid="stdafx_8h"/>
        <childnode refid="3" relation="include">
        </childnode>
        <childnode refid="5" relation="include">
        </childnode>
        <childnode refid="6" relation="include">
        </childnode>
      </node>
      <node id="10">
        <label>Date.h</label>
        <link refid="_date_8h"/>
      </node>
      <node id="5">
        <label>stdio.h</label>
      </node>
      <node id="9">
        <label>Product.h</label>
        <link refid="_product_8h"/>
        <childnode refid="10" relation="include">
        </childnode>
        <childnode refid="11" relation="include">
        </childnode>
      </node>
    </incdepgraph>
    <briefdescription>
    </briefdescription>
    <detaileddescription>
    </detaileddescription>
    <programlisting>
<codeline lineno="1"><highlight class="preprocessor">#include<sp/>&quot;<ref refid="stdafx_8h" kindref="compound">stdafx.h</ref>&quot;</highlight><highlight class="normal"></highlight></codeline>
<codeline lineno="2"><highlight class="normal"></highlight><highlight class="preprocessor">#include<sp/>&quot;<ref refid="_place_8h" kindref="compound">Place.h</ref>&quot;</highlight><highlight class="normal"></highlight></codeline>
<codeline lineno="3"><highlight class="normal"></highlight></codeline>
<codeline lineno="4"><highlight class="normal"></highlight></codeline>
<codeline lineno="5" refid="class_place_1ab5ae86c31e3a4c91800fb396d38e7a2b" refkind="member"><highlight class="normal"><ref refid="class_place_1ab5ae86c31e3a4c91800fb396d38e7a2b" kindref="member">Place::Place</ref>()</highlight></codeline>
<codeline lineno="6"><highlight class="normal">{</highlight></codeline>
<codeline lineno="7"><highlight class="normal"><sp/><sp/><sp/><sp/>this-&gt;<ref refid="class_place_1ac83bdec171f39b5976ac832ccf0e922c" kindref="member">section</ref><sp/>=<sp/>0;</highlight></codeline>
<codeline lineno="8"><highlight class="normal"><sp/><sp/><sp/><sp/>this-&gt;<ref refid="class_place_1a7e8f242bfd96a4ae4a08c7d395e7644c" kindref="member">shelf</ref><sp/>=<sp/>0;</highlight></codeline>
<codeline lineno="9"><highlight class="normal"><sp/><sp/><sp/><sp/>this-&gt;<ref refid="class_place_1a830d0cbd6118337e27fa3952c04df72d" kindref="member">number</ref><sp/>=<sp/>0;</highlight></codeline>
<codeline lineno="10"><highlight class="normal"></highlight></codeline>
<codeline lineno="11"><highlight class="normal"><sp/><sp/><sp/><sp/>this-&gt;<ref refid="class_place_1a04282a657b721411f4f203d892eb1098" kindref="member">volume</ref><sp/>=<sp/>20;</highlight></codeline>
<codeline lineno="12"><highlight class="normal"></highlight></codeline>
<codeline lineno="13"><highlight class="normal"><sp/><sp/><sp/><sp/>this-&gt;<ref refid="class_place_1afd0fb3fb3dadb6c339bd8577261e553c" kindref="member">current_volume</ref><sp/>=<sp/>0;</highlight></codeline>
<codeline lineno="14"><highlight class="normal">}</highlight></codeline>
<codeline lineno="15" refid="class_place_1a2f47bf8a9320cfa5e74229b742f86301" refkind="member"><highlight class="normal"><ref refid="class_place_1ab5ae86c31e3a4c91800fb396d38e7a2b" kindref="member">Place::Place</ref>(</highlight><highlight class="keywordtype">int</highlight><highlight class="normal"><sp/>section,<sp/></highlight><highlight class="keywordtype">int</highlight><highlight class="normal"><sp/>shelf,<sp/></highlight><highlight class="keywordtype">int</highlight><highlight class="normal"><sp/>number)</highlight></codeline>
<codeline lineno="16"><highlight class="normal">{</highlight></codeline>
<codeline lineno="17"><highlight class="normal"><sp/><sp/><sp/><sp/>this-&gt;section<sp/>=<sp/><ref refid="class_place_1ac83bdec171f39b5976ac832ccf0e922c" kindref="member">section</ref>;</highlight></codeline>
<codeline lineno="18"><highlight class="normal"><sp/><sp/><sp/><sp/>this-&gt;shelf<sp/>=<sp/><ref refid="class_place_1a7e8f242bfd96a4ae4a08c7d395e7644c" kindref="member">shelf</ref>;</highlight></codeline>
<codeline lineno="19"><highlight class="normal"><sp/><sp/><sp/><sp/>this-&gt;number<sp/>=<sp/><ref refid="class_place_1a830d0cbd6118337e27fa3952c04df72d" kindref="member">number</ref>;</highlight></codeline>
<codeline lineno="20"><highlight class="normal"><sp/><sp/><sp/><sp/>this-&gt;<ref refid="class_place_1a77b8464a08e294bf39786bfa54e4258a" kindref="member">set_volume</ref>(20);</highlight></codeline>
<codeline lineno="21"><highlight class="normal"><sp/><sp/><sp/><sp/>this-&gt;<ref refid="class_place_1afd0fb3fb3dadb6c339bd8577261e553c" kindref="member">current_volume</ref><sp/>=<sp/>0;</highlight></codeline>
<codeline lineno="22"><highlight class="normal">}</highlight></codeline>
<codeline lineno="23"><highlight class="normal"></highlight></codeline>
<codeline lineno="24" refid="class_place_1a0c227aafaa1c508078dc3c07c17d04af" refkind="member"><highlight class="normal"></highlight><highlight class="keywordtype">int</highlight><highlight class="normal"><sp/><ref refid="class_place_1a0c227aafaa1c508078dc3c07c17d04af" kindref="member">Place::get_section</ref>()</highlight><highlight class="keyword"><sp/>const</highlight></codeline>
<codeline lineno="25"><highlight class="keyword"></highlight><highlight class="normal">{</highlight></codeline>
<codeline lineno="26"><highlight class="normal"><sp/><sp/><sp/><sp/></highlight><highlight class="keywordflow">return</highlight><highlight class="normal"><sp/>this-&gt;<ref refid="class_place_1ac83bdec171f39b5976ac832ccf0e922c" kindref="member">section</ref>;</highlight></codeline>
<codeline lineno="27"><highlight class="normal">}</highlight></codeline>
<codeline lineno="28" refid="class_place_1a6e28bffa98a3fbfbc69fe5724494286b" refkind="member"><highlight class="normal"></highlight><highlight class="keywordtype">int</highlight><highlight class="normal"><sp/><ref refid="class_place_1a6e28bffa98a3fbfbc69fe5724494286b" kindref="member">Place::get_shelf</ref>()</highlight><highlight class="keyword"><sp/>const</highlight></codeline>
<codeline lineno="29"><highlight class="keyword"></highlight><highlight class="normal">{</highlight></codeline>
<codeline lineno="30"><highlight class="normal"><sp/><sp/><sp/><sp/></highlight><highlight class="keywordflow">return</highlight><highlight class="normal"><sp/>this-&gt;<ref refid="class_place_1a7e8f242bfd96a4ae4a08c7d395e7644c" kindref="member">shelf</ref>;</highlight></codeline>
<codeline lineno="31"><highlight class="normal">}</highlight></codeline>
<codeline lineno="32" refid="class_place_1abcacb7c6a6c953c6a4e4759b85318210" refkind="member"><highlight class="normal"></highlight><highlight class="keywordtype">int</highlight><highlight class="normal"><sp/><ref refid="class_place_1abcacb7c6a6c953c6a4e4759b85318210" kindref="member">Place::get_number</ref>()</highlight><highlight class="keyword"><sp/>const</highlight></codeline>
<codeline lineno="33"><highlight class="keyword"></highlight><highlight class="normal">{</highlight></codeline>
<codeline lineno="34"><highlight class="normal"><sp/><sp/><sp/><sp/></highlight><highlight class="keywordflow">return</highlight><highlight class="normal"><sp/>this-&gt;<ref refid="class_place_1a830d0cbd6118337e27fa3952c04df72d" kindref="member">number</ref>;</highlight></codeline>
<codeline lineno="35"><highlight class="normal">}</highlight></codeline>
<codeline lineno="36" refid="class_place_1a3ec453e09ac58b807f9095a46c755012" refkind="member"><highlight class="normal"></highlight><highlight class="keywordtype">int</highlight><highlight class="normal"><sp/><ref refid="class_place_1a3ec453e09ac58b807f9095a46c755012" kindref="member">Place::get_volume</ref>()</highlight><highlight class="keyword"><sp/>const</highlight></codeline>
<codeline lineno="37"><highlight class="keyword"></highlight><highlight class="normal">{</highlight></codeline>
<codeline lineno="38"><highlight class="normal"><sp/><sp/><sp/><sp/></highlight><highlight class="keywordflow">return</highlight><highlight class="normal"><sp/>this-&gt;<ref refid="class_place_1a04282a657b721411f4f203d892eb1098" kindref="member">volume</ref>;</highlight></codeline>
<codeline lineno="39"><highlight class="normal">}</highlight></codeline>
<codeline lineno="40" refid="class_place_1a296b3568f23c9daa916b6deb3b6245b9" refkind="member"><highlight class="normal"></highlight><highlight class="keywordtype">int</highlight><highlight class="normal"><sp/><ref refid="class_place_1a296b3568f23c9daa916b6deb3b6245b9" kindref="member">Place::get_current_volume</ref>()</highlight><highlight class="keyword"><sp/>const</highlight></codeline>
<codeline lineno="41"><highlight class="keyword"></highlight><highlight class="normal">{</highlight></codeline>
<codeline lineno="42"><highlight class="normal"><sp/><sp/><sp/><sp/></highlight><highlight class="keywordflow">return</highlight><highlight class="normal"><sp/>this-&gt;<ref refid="class_place_1afd0fb3fb3dadb6c339bd8577261e553c" kindref="member">current_volume</ref>;</highlight></codeline>
<codeline lineno="43"><highlight class="normal">}</highlight></codeline>
<codeline lineno="44" refid="class_place_1ae7f0023d4d764138b9741c0f741ec739" refkind="member"><highlight class="normal">std::vector&lt;Product&gt;<sp/><ref refid="class_place_1ae7f0023d4d764138b9741c0f741ec739" kindref="member">Place::get_products</ref>()</highlight><highlight class="keyword"><sp/>const</highlight></codeline>
<codeline lineno="45"><highlight class="keyword"></highlight><highlight class="normal">{</highlight></codeline>
<codeline lineno="46"><highlight class="normal"><sp/><sp/><sp/><sp/></highlight><highlight class="keywordflow">return</highlight><highlight class="normal"><sp/>this-&gt;<ref refid="class_place_1ac22598f53df4251a07736cc16de1cc50" kindref="member">products</ref>;</highlight></codeline>
<codeline lineno="47"><highlight class="normal">}</highlight></codeline>
<codeline lineno="48"><highlight class="normal"></highlight></codeline>
<codeline lineno="49" refid="class_place_1a00a4962b81cfc86cd5bf7e182bd1b55d" refkind="member"><highlight class="normal"></highlight><highlight class="keywordtype">void</highlight><highlight class="normal"><sp/><ref refid="class_place_1a00a4962b81cfc86cd5bf7e182bd1b55d" kindref="member">Place::set_section</ref>(</highlight><highlight class="keywordtype">int</highlight><highlight class="normal"><sp/>section)</highlight></codeline>
<codeline lineno="50"><highlight class="normal">{</highlight></codeline>
<codeline lineno="51"><highlight class="normal"><sp/><sp/><sp/><sp/>this-&gt;section<sp/>=<sp/><ref refid="class_place_1ac83bdec171f39b5976ac832ccf0e922c" kindref="member">section</ref>;</highlight></codeline>
<codeline lineno="52"><highlight class="normal">}</highlight></codeline>
<codeline lineno="53" refid="class_place_1a4e9bf9dde239d4569daddca8e4a58850" refkind="member"><highlight class="normal"></highlight><highlight class="keywordtype">void</highlight><highlight class="normal"><sp/><ref refid="class_place_1a4e9bf9dde239d4569daddca8e4a58850" kindref="member">Place::set_shelf</ref>(</highlight><highlight class="keywordtype">int</highlight><highlight class="normal"><sp/>shelf)</highlight></codeline>
<codeline lineno="54"><highlight class="normal">{</highlight></codeline>
<codeline lineno="55"><highlight class="normal"><sp/><sp/><sp/><sp/>this-&gt;shelf<sp/>=<sp/><ref refid="class_place_1a7e8f242bfd96a4ae4a08c7d395e7644c" kindref="member">shelf</ref>;</highlight></codeline>
<codeline lineno="56"><highlight class="normal">}</highlight></codeline>
<codeline lineno="57" refid="class_place_1a02d51d6d7576dccf4a551af3dedf7672" refkind="member"><highlight class="normal"></highlight><highlight class="keywordtype">void</highlight><highlight class="normal"><sp/><ref refid="class_place_1a02d51d6d7576dccf4a551af3dedf7672" kindref="member">Place::set_number</ref>(</highlight><highlight class="keywordtype">int</highlight><highlight class="normal"><sp/>number)</highlight></codeline>
<codeline lineno="58"><highlight class="normal">{</highlight></codeline>
<codeline lineno="59"><highlight class="normal"><sp/><sp/><sp/><sp/>this-&gt;number<sp/>=<sp/><ref refid="class_place_1a830d0cbd6118337e27fa3952c04df72d" kindref="member">number</ref>;</highlight></codeline>
<codeline lineno="60"><highlight class="normal">}</highlight></codeline>
<codeline lineno="61" refid="class_place_1a77b8464a08e294bf39786bfa54e4258a" refkind="member"><highlight class="normal"></highlight><highlight class="keywordtype">void</highlight><highlight class="normal"><sp/><ref refid="class_place_1a77b8464a08e294bf39786bfa54e4258a" kindref="member">Place::set_volume</ref>(</highlight><highlight class="keywordtype">int</highlight><highlight class="normal"><sp/>volume)</highlight></codeline>
<codeline lineno="62"><highlight class="normal">{</highlight></codeline>
<codeline lineno="63"><highlight class="normal"><sp/><sp/><sp/><sp/></highlight><highlight class="keywordflow">if</highlight><highlight class="normal"><sp/>(this-&gt;volume<sp/>&lt;=<sp/>20)</highlight></codeline>
<codeline lineno="64"><highlight class="normal"><sp/><sp/><sp/><sp/>{</highlight></codeline>
<codeline lineno="65"><highlight class="normal"><sp/><sp/><sp/><sp/><sp/><sp/><sp/><sp/>this-&gt;volume<sp/>=<sp/><ref refid="class_place_1a04282a657b721411f4f203d892eb1098" kindref="member">volume</ref>;</highlight></codeline>
<codeline lineno="66"><highlight class="normal"><sp/><sp/><sp/><sp/>}</highlight></codeline>
<codeline lineno="67"><highlight class="normal">}</highlight></codeline>
<codeline lineno="68" refid="class_place_1a5adf99ff0c8f13c918719a57e595f2c0" refkind="member"><highlight class="normal"></highlight><highlight class="keywordtype">void</highlight><highlight class="normal"><sp/><ref refid="class_place_1a5adf99ff0c8f13c918719a57e595f2c0" kindref="member">Place::set_current_volume</ref>(</highlight><highlight class="keywordtype">int</highlight><highlight class="normal"><sp/>volume)</highlight></codeline>
<codeline lineno="69"><highlight class="normal">{</highlight></codeline>
<codeline lineno="70"><highlight class="normal"><sp/><sp/><sp/><sp/>this-&gt;<ref refid="class_place_1afd0fb3fb3dadb6c339bd8577261e553c" kindref="member">current_volume</ref><sp/>=<sp/><ref refid="class_place_1a04282a657b721411f4f203d892eb1098" kindref="member">volume</ref>;</highlight></codeline>
<codeline lineno="71"><highlight class="normal">}</highlight></codeline>
<codeline lineno="72" refid="class_place_1af495e78f80062f75e48e82224ff63134" refkind="member"><highlight class="normal"></highlight><highlight class="keywordtype">void</highlight><highlight class="normal"><sp/><ref refid="class_place_1af495e78f80062f75e48e82224ff63134" kindref="member">Place::set_products</ref>(std::vector&lt;Product&gt;<sp/>products)</highlight></codeline>
<codeline lineno="73"><highlight class="normal">{</highlight></codeline>
<codeline lineno="74"><highlight class="normal"><sp/><sp/><sp/><sp/>this-&gt;products<sp/>=<sp/><ref refid="class_place_1ac22598f53df4251a07736cc16de1cc50" kindref="member">products</ref>;</highlight></codeline>
<codeline lineno="75"><highlight class="normal">}</highlight></codeline>
<codeline lineno="76"><highlight class="normal"></highlight></codeline>
<codeline lineno="78" refid="class_place_1af595ae1fb6811e5384340fdecfb75b50" refkind="member"><highlight class="keywordtype">void</highlight><highlight class="normal"><sp/><ref refid="class_place_1af595ae1fb6811e5384340fdecfb75b50" kindref="member">Place::add_product</ref>(<ref refid="class_product" kindref="compound">Product</ref><sp/>pr)</highlight></codeline>
<codeline lineno="79"><highlight class="normal">{</highlight></codeline>
<codeline lineno="80"><highlight class="normal"><sp/><sp/><sp/><sp/></highlight><highlight class="keywordflow">if</highlight><highlight class="normal"><sp/>(this-&gt;<ref refid="class_place_1afd0fb3fb3dadb6c339bd8577261e553c" kindref="member">current_volume</ref><sp/>+<sp/>pr.<ref refid="class_product_1ac7a1df307388614b6dd5d1eaed5530b9" kindref="member">get_volume</ref>()<sp/>&lt;=<sp/>this-&gt;volume)</highlight></codeline>
<codeline lineno="81"><highlight class="normal"><sp/><sp/><sp/><sp/>{</highlight></codeline>
<codeline lineno="82"><highlight class="normal"><sp/><sp/><sp/><sp/><sp/><sp/><sp/><sp/>this-&gt;<ref refid="class_place_1afd0fb3fb3dadb6c339bd8577261e553c" kindref="member">current_volume</ref><sp/>+=<sp/>pr.<ref refid="class_product_1ac7a1df307388614b6dd5d1eaed5530b9" kindref="member">get_volume</ref>();</highlight></codeline>
<codeline lineno="83"><highlight class="normal"></highlight></codeline>
<codeline lineno="84"><highlight class="normal"><sp/><sp/><sp/><sp/><sp/><sp/><sp/><sp/><ref refid="class_place_1ac22598f53df4251a07736cc16de1cc50" kindref="member">products</ref>.push_back(pr);</highlight></codeline>
<codeline lineno="85"><highlight class="normal"><sp/><sp/><sp/><sp/>}</highlight></codeline>
<codeline lineno="86"><highlight class="normal">}</highlight></codeline>
    </programlisting>
    <location file="D:/SU_2019_2020/OOP_2020/projects/project_02/Storage/project_2_Storage/project_2_Storage/Place.cpp"/>
  </compounddef>
</doxygen>
