<?xml version='1.0' encoding='UTF-8' standalone='no'?>
<doxygen xmlns:xsi="http://www.w3.org/2001/XMLSchema-instance" xsi:noNamespaceSchemaLocation="compound.xsd" version="1.8.18">
  <compounddef id="_product_8cpp" kind="file" language="C++">
    <compoundname>Product.cpp</compoundname>
    <includes refid="stdafx_8h" local="yes">stdafx.h</includes>
    <includes refid="_product_8h" local="yes">Product.h</includes>
    <incdepgraph>
      <node id="4">
        <label>SDKDDKVer.h</label>
      </node>
      <node id="3">
        <label>targetver.h</label>
        <link refid="targetver_8h"/>
        <childnode refid="4" relation="include">
        </childnode>
      </node>
      <node id="9">
        <label>string</label>
      </node>
      <node id="1">
        <label>D:/SU_2019_2020/OOP_2020/projects/project_02/Storage/project_2_Storage/project_2_Storage/Product.cpp</label>
        <link refid="_product_8cpp"/>
        <childnode refid="2" relation="include">
        </childnode>
        <childnode refid="7" relation="include">
        </childnode>
      </node>
      <node id="6">
        <label>tchar.h</label>
      </node>
      <node id="2">
        <label>stdafx.h</label>
        <link refid="stdafx_8h"/>
        <childnode refid="3" relation="include">
        </childnode>
        <childnode refid="5" relation="include">
        </childnode>
        <childnode refid="6" relation="include">
        </childnode>
      </node>
      <node id="8">
        <label>Date.h</label>
        <link refid="_date_8h"/>
      </node>
      <node id="5">
        <label>stdio.h</label>
      </node>
      <node id="7">
        <label>Product.h</label>
        <link refid="_product_8h"/>
        <childnode refid="8" relation="include">
        </childnode>
        <childnode refid="9" relation="include">
        </childnode>
      </node>
    </incdepgraph>
    <briefdescription>
    </briefdescription>
    <detaileddescription>
    </detaileddescription>
    <programlisting>
<codeline lineno="1"><highlight class="preprocessor">#include<sp/>&quot;<ref refid="stdafx_8h" kindref="compound">stdafx.h</ref>&quot;</highlight><highlight class="normal"></highlight></codeline>
<codeline lineno="2"><highlight class="normal"></highlight><highlight class="preprocessor">#include<sp/>&quot;<ref refid="_product_8h" kindref="compound">Product.h</ref>&quot;</highlight><highlight class="normal"></highlight></codeline>
<codeline lineno="3"><highlight class="normal"></highlight></codeline>
<codeline lineno="4"><highlight class="normal"></highlight></codeline>
<codeline lineno="5" refid="class_product_1a847c1d85e67ce387166a597579a55135" refkind="member"><highlight class="normal"><ref refid="class_product_1a847c1d85e67ce387166a597579a55135" kindref="member">Product::Product</ref>()</highlight></codeline>
<codeline lineno="6"><highlight class="normal">{</highlight></codeline>
<codeline lineno="7"><highlight class="normal"><sp/><sp/><sp/><sp/><ref refid="class_date" kindref="compound">Date</ref><sp/>defaultDate;</highlight></codeline>
<codeline lineno="8"><highlight class="normal"></highlight></codeline>
<codeline lineno="9"><highlight class="normal"><sp/><sp/><sp/><sp/>this-&gt;<ref refid="class_product_1a6f88e6ff8cb26b1cce49a41e72e4fcb8" kindref="member">name</ref><sp/>=<sp/></highlight><highlight class="stringliteral">&quot;&quot;</highlight><highlight class="normal">;</highlight></codeline>
<codeline lineno="10"><highlight class="normal"><sp/><sp/><sp/><sp/>this-&gt;<ref refid="class_product_1a2ff85a008d3fa1a87e3da86467ed6a31" kindref="member">expirationDate</ref><sp/>=<sp/>defaultDate;</highlight></codeline>
<codeline lineno="11"><highlight class="normal"><sp/><sp/><sp/><sp/>this-&gt;<ref refid="class_product_1a9703c835bc2f66c0101755e0aed24468" kindref="member">goesInStorage</ref><sp/>=<sp/>defaultDate;</highlight></codeline>
<codeline lineno="12"><highlight class="normal"><sp/><sp/><sp/><sp/>this-&gt;<ref refid="class_product_1af3d21858bb34986f54309b877678daa8" kindref="member">manufacturer</ref><sp/>=<sp/></highlight><highlight class="stringliteral">&quot;&quot;</highlight><highlight class="normal">;</highlight></codeline>
<codeline lineno="13"><highlight class="normal"><sp/><sp/><sp/><sp/>this-&gt;<ref refid="class_product_1a6b5470d913ca0ac1756d79756b858c4c" kindref="member">unit</ref><sp/>=<sp/></highlight><highlight class="keyword">false</highlight><highlight class="normal">;</highlight></codeline>
<codeline lineno="14"><highlight class="normal"><sp/><sp/><sp/><sp/>this-&gt;<ref refid="class_product_1afa8c9c45dada6dd87d6ccd200d1d92b9" kindref="member">volume</ref><sp/>=<sp/>1;</highlight></codeline>
<codeline lineno="15"><highlight class="normal"><sp/><sp/><sp/><sp/>this-&gt;<ref refid="class_product_1a167e001e3a14c62fa7368b93f9b147dd" kindref="member">note</ref><sp/>=<sp/></highlight><highlight class="stringliteral">&quot;&quot;</highlight><highlight class="normal">;</highlight></codeline>
<codeline lineno="16"><highlight class="normal">}</highlight></codeline>
<codeline lineno="17" refid="class_product_1a699bca28167d8fe305b6669f5478ee23" refkind="member"><highlight class="normal"><ref refid="class_product_1a847c1d85e67ce387166a597579a55135" kindref="member">Product::Product</ref>(</highlight><highlight class="keyword">const</highlight><highlight class="normal"><sp/>std::string<sp/>name,<sp/></highlight><highlight class="keyword">const</highlight><highlight class="normal"><sp/><ref refid="class_date" kindref="compound">Date</ref><sp/>expirationDate,<sp/></highlight><highlight class="keyword">const</highlight><highlight class="normal"><sp/><ref refid="class_date" kindref="compound">Date</ref><sp/>goesInStorage,</highlight></codeline>
<codeline lineno="18"><highlight class="normal"><sp/><sp/><sp/><sp/></highlight><highlight class="keyword">const</highlight><highlight class="normal"><sp/>std::string<sp/>manufacturer,<sp/></highlight><highlight class="keywordtype">bool</highlight><highlight class="normal"><sp/>unit,<sp/></highlight><highlight class="keywordtype">int</highlight><highlight class="normal"><sp/>volume,</highlight></codeline>
<codeline lineno="19"><highlight class="normal"><sp/><sp/><sp/><sp/></highlight><highlight class="keyword">const</highlight><highlight class="normal"><sp/>std::string<sp/>note,<sp/></highlight><highlight class="keywordtype">int</highlight><highlight class="normal"><sp/>quantity)</highlight></codeline>
<codeline lineno="20"><highlight class="normal">{</highlight></codeline>
<codeline lineno="21"><highlight class="normal"><sp/><sp/><sp/><sp/>this-&gt;name<sp/>=<sp/><ref refid="class_product_1a6f88e6ff8cb26b1cce49a41e72e4fcb8" kindref="member">name</ref>;</highlight></codeline>
<codeline lineno="22"><highlight class="normal"><sp/><sp/><sp/><sp/>this-&gt;expirationDate<sp/>=<sp/><ref refid="class_product_1a2ff85a008d3fa1a87e3da86467ed6a31" kindref="member">expirationDate</ref>;</highlight></codeline>
<codeline lineno="23"><highlight class="normal"><sp/><sp/><sp/><sp/>this-&gt;goesInStorage<sp/>=<sp/><ref refid="class_product_1a9703c835bc2f66c0101755e0aed24468" kindref="member">goesInStorage</ref>;</highlight></codeline>
<codeline lineno="24"><highlight class="normal"><sp/><sp/><sp/><sp/>this-&gt;manufacturer<sp/>=<sp/><ref refid="class_product_1af3d21858bb34986f54309b877678daa8" kindref="member">manufacturer</ref>;</highlight></codeline>
<codeline lineno="25"><highlight class="normal"><sp/><sp/><sp/><sp/>this-&gt;unit<sp/>=<sp/><ref refid="class_product_1a6b5470d913ca0ac1756d79756b858c4c" kindref="member">unit</ref>;</highlight></codeline>
<codeline lineno="26"><highlight class="normal"><sp/><sp/><sp/><sp/>this-&gt;volume<sp/>=<sp/><ref refid="class_product_1afa8c9c45dada6dd87d6ccd200d1d92b9" kindref="member">volume</ref>;</highlight></codeline>
<codeline lineno="27"><highlight class="normal"><sp/><sp/><sp/><sp/>this-&gt;note<sp/>=<sp/><ref refid="class_product_1a167e001e3a14c62fa7368b93f9b147dd" kindref="member">note</ref>;</highlight></codeline>
<codeline lineno="28"><highlight class="normal"><sp/><sp/><sp/><sp/>this-&gt;quantity<sp/>=<sp/><ref refid="class_product_1a299430b8756aba9f6d44af46831791cc" kindref="member">quantity</ref>;</highlight></codeline>
<codeline lineno="29"><highlight class="normal">}</highlight></codeline>
<codeline lineno="30"><highlight class="normal"></highlight></codeline>
<codeline lineno="31" refid="class_product_1a1f0ec3112ddc76f10ce4a6f87fc3a40a" refkind="member"><highlight class="normal">std::string<sp/><ref refid="class_product_1a1f0ec3112ddc76f10ce4a6f87fc3a40a" kindref="member">Product::get_name</ref>()</highlight><highlight class="keyword"><sp/>const</highlight></codeline>
<codeline lineno="32"><highlight class="keyword"></highlight><highlight class="normal">{</highlight></codeline>
<codeline lineno="33"><highlight class="normal"><sp/><sp/><sp/><sp/></highlight><highlight class="keywordflow">return</highlight><highlight class="normal"><sp/>this-&gt;<ref refid="class_product_1a6f88e6ff8cb26b1cce49a41e72e4fcb8" kindref="member">name</ref>;</highlight></codeline>
<codeline lineno="34"><highlight class="normal">}</highlight></codeline>
<codeline lineno="35" refid="class_product_1a3a2d8273a71d12ef45b41153e56fabcd" refkind="member"><highlight class="normal"><ref refid="class_date" kindref="compound">Date</ref><sp/><ref refid="class_product_1a3a2d8273a71d12ef45b41153e56fabcd" kindref="member">Product::get_expirationDate</ref>()</highlight><highlight class="keyword"><sp/>const</highlight></codeline>
<codeline lineno="36"><highlight class="keyword"></highlight><highlight class="normal">{</highlight></codeline>
<codeline lineno="37"><highlight class="normal"><sp/><sp/><sp/><sp/></highlight><highlight class="keywordflow">return</highlight><highlight class="normal"><sp/>this-&gt;<ref refid="class_product_1a2ff85a008d3fa1a87e3da86467ed6a31" kindref="member">expirationDate</ref>;</highlight></codeline>
<codeline lineno="38"><highlight class="normal">}</highlight></codeline>
<codeline lineno="39" refid="class_product_1a6d4adb3d6cecf65316bdeb886e2bc427" refkind="member"><highlight class="normal"><ref refid="class_date" kindref="compound">Date</ref><sp/><ref refid="class_product_1a6d4adb3d6cecf65316bdeb886e2bc427" kindref="member">Product::get_goesInStorage</ref>()</highlight><highlight class="keyword"><sp/>const</highlight></codeline>
<codeline lineno="40"><highlight class="keyword"></highlight><highlight class="normal">{</highlight></codeline>
<codeline lineno="41"><highlight class="normal"><sp/><sp/><sp/><sp/></highlight><highlight class="keywordflow">return</highlight><highlight class="normal"><sp/>this-&gt;<ref refid="class_product_1a9703c835bc2f66c0101755e0aed24468" kindref="member">goesInStorage</ref>;</highlight></codeline>
<codeline lineno="42"><highlight class="normal">}</highlight></codeline>
<codeline lineno="43" refid="class_product_1ac9d05228c2ec92dd1bc1762ce8acfa57" refkind="member"><highlight class="normal">std::string<sp/><ref refid="class_product_1ac9d05228c2ec92dd1bc1762ce8acfa57" kindref="member">Product::get_manufacturer</ref>()</highlight><highlight class="keyword"><sp/>const</highlight></codeline>
<codeline lineno="44"><highlight class="keyword"></highlight><highlight class="normal">{</highlight></codeline>
<codeline lineno="45"><highlight class="normal"><sp/><sp/><sp/><sp/></highlight><highlight class="keywordflow">return</highlight><highlight class="normal"><sp/>this-&gt;<ref refid="class_product_1af3d21858bb34986f54309b877678daa8" kindref="member">manufacturer</ref>;</highlight></codeline>
<codeline lineno="46"><highlight class="normal">}</highlight></codeline>
<codeline lineno="47" refid="class_product_1a9fb52bb765e7da08d68226f3a243e17a" refkind="member"><highlight class="normal"></highlight><highlight class="keywordtype">bool</highlight><highlight class="normal"><sp/><ref refid="class_product_1a9fb52bb765e7da08d68226f3a243e17a" kindref="member">Product::get_unit</ref>()</highlight><highlight class="keyword"><sp/>const</highlight></codeline>
<codeline lineno="48"><highlight class="keyword"></highlight><highlight class="normal">{</highlight></codeline>
<codeline lineno="49"><highlight class="normal"><sp/><sp/><sp/><sp/></highlight><highlight class="keywordflow">return</highlight><highlight class="normal"><sp/>this-&gt;<ref refid="class_product_1a6b5470d913ca0ac1756d79756b858c4c" kindref="member">unit</ref>;</highlight></codeline>
<codeline lineno="50"><highlight class="normal">}</highlight></codeline>
<codeline lineno="51" refid="class_product_1ac7a1df307388614b6dd5d1eaed5530b9" refkind="member"><highlight class="normal"></highlight><highlight class="keywordtype">int</highlight><highlight class="normal"><sp/><ref refid="class_product_1ac7a1df307388614b6dd5d1eaed5530b9" kindref="member">Product::get_volume</ref>()</highlight><highlight class="keyword"><sp/>const</highlight></codeline>
<codeline lineno="52"><highlight class="keyword"></highlight><highlight class="normal">{</highlight></codeline>
<codeline lineno="53"><highlight class="normal"><sp/><sp/><sp/><sp/></highlight><highlight class="keywordflow">return</highlight><highlight class="normal"><sp/>this-&gt;<ref refid="class_product_1afa8c9c45dada6dd87d6ccd200d1d92b9" kindref="member">volume</ref>;</highlight></codeline>
<codeline lineno="54"><highlight class="normal">}</highlight></codeline>
<codeline lineno="55" refid="class_product_1a1e8bbe4cd01bbbf9b1db683acd7905ee" refkind="member"><highlight class="normal">std::string<sp/><ref refid="class_product_1a1e8bbe4cd01bbbf9b1db683acd7905ee" kindref="member">Product::get_note</ref>()</highlight><highlight class="keyword"><sp/>const</highlight></codeline>
<codeline lineno="56"><highlight class="keyword"></highlight><highlight class="normal">{</highlight></codeline>
<codeline lineno="57"><highlight class="normal"><sp/><sp/><sp/><sp/></highlight><highlight class="keywordflow">return</highlight><highlight class="normal"><sp/>this-&gt;<ref refid="class_product_1a167e001e3a14c62fa7368b93f9b147dd" kindref="member">note</ref>;</highlight></codeline>
<codeline lineno="58"><highlight class="normal">}</highlight></codeline>
<codeline lineno="59" refid="class_product_1a92caa608f81ad35b516cef84720ac9f9" refkind="member"><highlight class="normal"></highlight><highlight class="keywordtype">int</highlight><highlight class="normal"><sp/><ref refid="class_product_1a92caa608f81ad35b516cef84720ac9f9" kindref="member">Product::get_quantity</ref>()</highlight><highlight class="keyword"><sp/>const</highlight></codeline>
<codeline lineno="60"><highlight class="keyword"></highlight><highlight class="normal">{</highlight></codeline>
<codeline lineno="61"><highlight class="normal"><sp/><sp/><sp/><sp/></highlight><highlight class="keywordflow">return</highlight><highlight class="normal"><sp/>this-&gt;<ref refid="class_product_1a299430b8756aba9f6d44af46831791cc" kindref="member">quantity</ref>;</highlight></codeline>
<codeline lineno="62"><highlight class="normal">}</highlight></codeline>
<codeline lineno="63"><highlight class="normal"></highlight></codeline>
<codeline lineno="64" refid="class_product_1a8301fe32e7b93bd8fe343d30f19930ae" refkind="member"><highlight class="normal"></highlight><highlight class="keywordtype">void</highlight><highlight class="normal"><sp/><ref refid="class_product_1a8301fe32e7b93bd8fe343d30f19930ae" kindref="member">Product::set_name</ref>(</highlight><highlight class="keyword">const</highlight><highlight class="normal"><sp/>std::string<sp/>name)</highlight></codeline>
<codeline lineno="65"><highlight class="normal">{</highlight></codeline>
<codeline lineno="66"><highlight class="normal"><sp/><sp/><sp/><sp/>this-&gt;name<sp/>=<sp/><ref refid="class_product_1a6f88e6ff8cb26b1cce49a41e72e4fcb8" kindref="member">name</ref>;</highlight></codeline>
<codeline lineno="67"><highlight class="normal">}</highlight></codeline>
<codeline lineno="68" refid="class_product_1a55d41ac4601dcd03c37a785e49406ed0" refkind="member"><highlight class="normal"></highlight><highlight class="keywordtype">void</highlight><highlight class="normal"><sp/><ref refid="class_product_1a55d41ac4601dcd03c37a785e49406ed0" kindref="member">Product::set_expirationDate</ref>(</highlight><highlight class="keyword">const</highlight><highlight class="normal"><sp/><ref refid="class_date" kindref="compound">Date</ref><sp/>expirationDate)</highlight></codeline>
<codeline lineno="69"><highlight class="normal">{</highlight></codeline>
<codeline lineno="70"><highlight class="normal"><sp/><sp/><sp/><sp/>this-&gt;expirationDate<sp/>=<sp/><ref refid="class_product_1a2ff85a008d3fa1a87e3da86467ed6a31" kindref="member">expirationDate</ref>;</highlight></codeline>
<codeline lineno="71"><highlight class="normal">}</highlight></codeline>
<codeline lineno="72" refid="class_product_1a9c4b8c10481bf0f5e7dcba1de3c6c346" refkind="member"><highlight class="normal"></highlight><highlight class="keywordtype">void</highlight><highlight class="normal"><sp/><ref refid="class_product_1a9c4b8c10481bf0f5e7dcba1de3c6c346" kindref="member">Product::set_goesInStorage</ref>(</highlight><highlight class="keyword">const</highlight><highlight class="normal"><sp/><ref refid="class_date" kindref="compound">Date</ref><sp/>goesInStorage)</highlight></codeline>
<codeline lineno="73"><highlight class="normal">{</highlight></codeline>
<codeline lineno="74"><highlight class="normal"><sp/><sp/><sp/><sp/>this-&gt;goesInStorage<sp/>=<sp/><ref refid="class_product_1a9703c835bc2f66c0101755e0aed24468" kindref="member">goesInStorage</ref>;</highlight></codeline>
<codeline lineno="75"><highlight class="normal">}</highlight></codeline>
<codeline lineno="76" refid="class_product_1a6d351da3aa23dea01070dc02f3bf34a7" refkind="member"><highlight class="normal"></highlight><highlight class="keywordtype">void</highlight><highlight class="normal"><sp/><ref refid="class_product_1a6d351da3aa23dea01070dc02f3bf34a7" kindref="member">Product::set_manufacurer</ref>(</highlight><highlight class="keyword">const</highlight><highlight class="normal"><sp/>std::string<sp/>manufactorer)</highlight></codeline>
<codeline lineno="77"><highlight class="normal">{</highlight></codeline>
<codeline lineno="78"><highlight class="normal"><sp/><sp/><sp/><sp/>this-&gt;<ref refid="class_product_1af3d21858bb34986f54309b877678daa8" kindref="member">manufacturer</ref><sp/>=<sp/>manufactorer;</highlight></codeline>
<codeline lineno="79"><highlight class="normal">}</highlight></codeline>
<codeline lineno="80" refid="class_product_1ab79a6ae7127a580f14e2d60ac79e8817" refkind="member"><highlight class="normal"></highlight><highlight class="keywordtype">void</highlight><highlight class="normal"><sp/><ref refid="class_product_1ab79a6ae7127a580f14e2d60ac79e8817" kindref="member">Product::set_unit</ref>(</highlight><highlight class="keywordtype">bool</highlight><highlight class="normal"><sp/>unit)</highlight></codeline>
<codeline lineno="81"><highlight class="normal">{</highlight></codeline>
<codeline lineno="82"><highlight class="normal"><sp/><sp/><sp/><sp/>this-&gt;unit<sp/>=<sp/><ref refid="class_product_1a6b5470d913ca0ac1756d79756b858c4c" kindref="member">unit</ref>;</highlight></codeline>
<codeline lineno="83"><highlight class="normal">}</highlight></codeline>
<codeline lineno="84" refid="class_product_1aa83c84b876af3d1017045ca4e7322f2e" refkind="member"><highlight class="normal"></highlight><highlight class="keywordtype">void</highlight><highlight class="normal"><sp/><ref refid="class_product_1aa83c84b876af3d1017045ca4e7322f2e" kindref="member">Product::set_volume</ref>(</highlight><highlight class="keywordtype">int</highlight><highlight class="normal"><sp/>volume)</highlight></codeline>
<codeline lineno="85"><highlight class="normal">{</highlight></codeline>
<codeline lineno="86"><highlight class="normal"><sp/><sp/><sp/><sp/>this-&gt;volume<sp/>=<sp/><ref refid="class_product_1afa8c9c45dada6dd87d6ccd200d1d92b9" kindref="member">volume</ref>;</highlight></codeline>
<codeline lineno="87"><highlight class="normal">}</highlight></codeline>
<codeline lineno="88" refid="class_product_1a3bb1464d62fcd8dea475ddbfe5d72f97" refkind="member"><highlight class="normal"></highlight><highlight class="keywordtype">void</highlight><highlight class="normal"><sp/><ref refid="class_product_1a3bb1464d62fcd8dea475ddbfe5d72f97" kindref="member">Product::set_note</ref>(</highlight><highlight class="keyword">const</highlight><highlight class="normal"><sp/>std::string<sp/>note)</highlight></codeline>
<codeline lineno="89"><highlight class="normal">{</highlight></codeline>
<codeline lineno="90"><highlight class="normal"><sp/><sp/><sp/><sp/>this-&gt;note<sp/>=<sp/><ref refid="class_product_1a167e001e3a14c62fa7368b93f9b147dd" kindref="member">note</ref>;</highlight></codeline>
<codeline lineno="91"><highlight class="normal">}</highlight></codeline>
<codeline lineno="92" refid="class_product_1a52131706c7e1e50cf3609648f8761969" refkind="member"><highlight class="normal"></highlight><highlight class="keywordtype">void</highlight><highlight class="normal"><sp/><ref refid="class_product_1a52131706c7e1e50cf3609648f8761969" kindref="member">Product::set_quantity</ref>(</highlight><highlight class="keywordtype">int</highlight><highlight class="normal"><sp/>quantity)</highlight></codeline>
<codeline lineno="93"><highlight class="normal">{</highlight></codeline>
<codeline lineno="94"><highlight class="normal"><sp/><sp/><sp/><sp/>this-&gt;quantity<sp/>=<sp/><ref refid="class_product_1a299430b8756aba9f6d44af46831791cc" kindref="member">quantity</ref>;</highlight></codeline>
<codeline lineno="95"><highlight class="normal">}</highlight></codeline>
<codeline lineno="96"><highlight class="normal"></highlight></codeline>
<codeline lineno="98" refid="class_product_1ab1ec9d63a5fe9bd3c4a478668a42988f" refkind="member"><highlight class="keywordtype">void</highlight><highlight class="normal"><sp/><ref refid="class_product_1ab1ec9d63a5fe9bd3c4a478668a42988f" kindref="member">Product::increaseQuantity</ref>(</highlight><highlight class="keywordtype">int</highlight><highlight class="normal"><sp/>otherQuantity)</highlight></codeline>
<codeline lineno="99"><highlight class="normal">{</highlight></codeline>
<codeline lineno="100"><highlight class="normal"><sp/><sp/><sp/><sp/>this-&gt;<ref refid="class_product_1a299430b8756aba9f6d44af46831791cc" kindref="member">quantity</ref><sp/>+=<sp/>otherQuantity;</highlight></codeline>
<codeline lineno="101"><highlight class="normal">}</highlight></codeline>
    </programlisting>
    <location file="D:/SU_2019_2020/OOP_2020/projects/project_02/Storage/project_2_Storage/project_2_Storage/Product.cpp"/>
  </compounddef>
</doxygen>
