<?xml version='1.0' encoding='UTF-8' standalone='no'?>
<doxygen xmlns:xsi="http://www.w3.org/2001/XMLSchema-instance" xsi:noNamespaceSchemaLocation="compound.xsd" version="1.8.18">
  <compounddef id="_product_8h" kind="file" language="C++">
    <compoundname>Product.h</compoundname>
    <includes refid="_date_8h" local="yes">Date.h</includes>
    <includes local="no">string</includes>
    <includedby refid="_place_8h" local="yes">D:/SU_2019_2020/OOP_2020/projects/project_02/Storage/project_2_Storage/project_2_Storage/Place.h</includedby>
    <includedby refid="_product_8cpp" local="yes">D:/SU_2019_2020/OOP_2020/projects/project_02/Storage/project_2_Storage/project_2_Storage/Product.cpp</includedby>
    <includedby refid="_storage_8h" local="yes">D:/SU_2019_2020/OOP_2020/projects/project_02/Storage/project_2_Storage/project_2_Storage/Storage.h</includedby>
    <incdepgraph>
      <node id="3">
        <label>string</label>
      </node>
      <node id="2">
        <label>Date.h</label>
        <link refid="_date_8h"/>
      </node>
      <node id="1">
        <label>D:/SU_2019_2020/OOP_2020/projects/project_02/Storage/project_2_Storage/project_2_Storage/Product.h</label>
        <link refid="_product_8h"/>
        <childnode refid="2" relation="include">
        </childnode>
        <childnode refid="3" relation="include">
        </childnode>
      </node>
    </incdepgraph>
    <invincdepgraph>
      <node id="4">
        <label>D:/SU_2019_2020/OOP_2020/projects/project_02/Storage/project_2_Storage/project_2_Storage/Storage.h</label>
        <link refid="_storage_8h"/>
        <childnode refid="5" relation="include">
        </childnode>
        <childnode refid="6" relation="include">
        </childnode>
      </node>
      <node id="6">
        <label>D:/SU_2019_2020/OOP_2020/projects/project_02/Storage/project_2_Storage/project_2_Storage/Storage.cpp</label>
        <link refid="_storage_8cpp"/>
      </node>
      <node id="3">
        <label>D:/SU_2019_2020/OOP_2020/projects/project_02/Storage/project_2_Storage/project_2_Storage/Place.cpp</label>
        <link refid="_place_8cpp"/>
      </node>
      <node id="2">
        <label>D:/SU_2019_2020/OOP_2020/projects/project_02/Storage/project_2_Storage/project_2_Storage/Place.h</label>
        <link refid="_place_8h"/>
        <childnode refid="3" relation="include">
        </childnode>
        <childnode refid="4" relation="include">
        </childnode>
      </node>
      <node id="7">
        <label>D:/SU_2019_2020/OOP_2020/projects/project_02/Storage/project_2_Storage/project_2_Storage/Product.cpp</label>
        <link refid="_product_8cpp"/>
      </node>
      <node id="5">
        <label>D:/SU_2019_2020/OOP_2020/projects/project_02/Storage/project_2_Storage/project_2_Storage/project_2_Storage.cpp</label>
        <link refid="project__2___storage_8cpp"/>
      </node>
      <node id="1">
        <label>D:/SU_2019_2020/OOP_2020/projects/project_02/Storage/project_2_Storage/project_2_Storage/Product.h</label>
        <link refid="_product_8h"/>
        <childnode refid="2" relation="include">
        </childnode>
        <childnode refid="7" relation="include">
        </childnode>
        <childnode refid="4" relation="include">
        </childnode>
      </node>
    </invincdepgraph>
    <innerclass refid="class_product" prot="public">Product</innerclass>
    <briefdescription>
    </briefdescription>
    <detaileddescription>
    </detaileddescription>
    <programlisting>
<codeline lineno="1"><highlight class="preprocessor">#pragma<sp/>once</highlight><highlight class="normal"></highlight></codeline>
<codeline lineno="2"><highlight class="normal"></highlight><highlight class="preprocessor">#include&quot;<ref refid="_date_8h" kindref="compound">Date.h</ref>&quot;</highlight><highlight class="normal"></highlight></codeline>
<codeline lineno="3"><highlight class="normal"></highlight><highlight class="preprocessor">#include&lt;string&gt;</highlight></codeline>
<codeline lineno="7" refid="class_product" refkind="compound"><highlight class="keyword">class<sp/></highlight><highlight class="normal"><ref refid="class_product" kindref="compound">Product</ref></highlight></codeline>
<codeline lineno="8"><highlight class="normal">{</highlight></codeline>
<codeline lineno="9"><highlight class="normal"></highlight><highlight class="keyword">private</highlight><highlight class="normal">:</highlight></codeline>
<codeline lineno="10" refid="class_product_1a6f88e6ff8cb26b1cce49a41e72e4fcb8" refkind="member"><highlight class="normal"><sp/><sp/><sp/><sp/>std::string<sp/><ref refid="class_product_1a6f88e6ff8cb26b1cce49a41e72e4fcb8" kindref="member">name</ref>;</highlight></codeline>
<codeline lineno="11" refid="class_product_1a2ff85a008d3fa1a87e3da86467ed6a31" refkind="member"><highlight class="normal"><sp/><sp/><sp/><sp/><ref refid="class_date" kindref="compound">Date</ref><sp/><ref refid="class_product_1a2ff85a008d3fa1a87e3da86467ed6a31" kindref="member">expirationDate</ref>;</highlight></codeline>
<codeline lineno="12" refid="class_product_1a9703c835bc2f66c0101755e0aed24468" refkind="member"><highlight class="normal"><sp/><sp/><sp/><sp/><ref refid="class_date" kindref="compound">Date</ref><sp/><ref refid="class_product_1a9703c835bc2f66c0101755e0aed24468" kindref="member">goesInStorage</ref>;</highlight></codeline>
<codeline lineno="13" refid="class_product_1af3d21858bb34986f54309b877678daa8" refkind="member"><highlight class="normal"><sp/><sp/><sp/><sp/>std::string<sp/><ref refid="class_product_1af3d21858bb34986f54309b877678daa8" kindref="member">manufacturer</ref>;</highlight></codeline>
<codeline lineno="14" refid="class_product_1a6b5470d913ca0ac1756d79756b858c4c" refkind="member"><highlight class="normal"><sp/><sp/><sp/><sp/></highlight><highlight class="keywordtype">bool</highlight><highlight class="normal"><sp/><ref refid="class_product_1a6b5470d913ca0ac1756d79756b858c4c" kindref="member">unit</ref>;<sp/></highlight></codeline>
<codeline lineno="15" refid="class_product_1afa8c9c45dada6dd87d6ccd200d1d92b9" refkind="member"><highlight class="normal"><sp/><sp/><sp/><sp/></highlight><highlight class="keywordtype">int</highlight><highlight class="normal"><sp/><ref refid="class_product_1afa8c9c45dada6dd87d6ccd200d1d92b9" kindref="member">volume</ref>;<sp/></highlight></codeline>
<codeline lineno="16" refid="class_product_1a167e001e3a14c62fa7368b93f9b147dd" refkind="member"><highlight class="normal"><sp/><sp/><sp/><sp/>std::string<sp/><ref refid="class_product_1a167e001e3a14c62fa7368b93f9b147dd" kindref="member">note</ref>;</highlight></codeline>
<codeline lineno="17" refid="class_product_1a299430b8756aba9f6d44af46831791cc" refkind="member"><highlight class="normal"><sp/><sp/><sp/><sp/></highlight><highlight class="keywordtype">int</highlight><highlight class="normal"><sp/><ref refid="class_product_1a299430b8756aba9f6d44af46831791cc" kindref="member">quantity</ref>;<sp/></highlight></codeline>
<codeline lineno="18"><highlight class="normal"></highlight><highlight class="keyword">public</highlight><highlight class="normal">:</highlight></codeline>
<codeline lineno="19"><highlight class="normal"><sp/><sp/><sp/><sp/><ref refid="class_product_1a847c1d85e67ce387166a597579a55135" kindref="member">Product</ref>();</highlight></codeline>
<codeline lineno="20"><highlight class="normal"><sp/><sp/><sp/><sp/><ref refid="class_product_1a847c1d85e67ce387166a597579a55135" kindref="member">Product</ref>(</highlight><highlight class="keyword">const</highlight><highlight class="normal"><sp/>std::string<sp/><ref refid="class_product_1a6f88e6ff8cb26b1cce49a41e72e4fcb8" kindref="member">name</ref>,<sp/></highlight><highlight class="keyword">const</highlight><highlight class="normal"><sp/><ref refid="class_date" kindref="compound">Date</ref><sp/><ref refid="class_product_1a2ff85a008d3fa1a87e3da86467ed6a31" kindref="member">expirationDate</ref>,<sp/></highlight><highlight class="keyword">const</highlight><highlight class="normal"><sp/><ref refid="class_date" kindref="compound">Date</ref><sp/><ref refid="class_product_1a9703c835bc2f66c0101755e0aed24468" kindref="member">goesInStorage</ref>,</highlight></codeline>
<codeline lineno="21"><highlight class="normal"><sp/><sp/><sp/><sp/><sp/><sp/><sp/><sp/></highlight><highlight class="keyword">const</highlight><highlight class="normal"><sp/>std::string<sp/><ref refid="class_product_1af3d21858bb34986f54309b877678daa8" kindref="member">manufacturer</ref>,<sp/></highlight><highlight class="keywordtype">bool</highlight><highlight class="normal"><sp/><ref refid="class_product_1a6b5470d913ca0ac1756d79756b858c4c" kindref="member">unit</ref>,<sp/></highlight><highlight class="keywordtype">int</highlight><highlight class="normal"><sp/><ref refid="class_product_1afa8c9c45dada6dd87d6ccd200d1d92b9" kindref="member">volume</ref>,</highlight></codeline>
<codeline lineno="22"><highlight class="normal"><sp/><sp/><sp/><sp/><sp/><sp/><sp/><sp/></highlight><highlight class="keyword">const</highlight><highlight class="normal"><sp/>std::string<sp/><ref refid="class_product_1a167e001e3a14c62fa7368b93f9b147dd" kindref="member">note</ref>,<sp/></highlight><highlight class="keywordtype">int</highlight><highlight class="normal"><sp/><ref refid="class_product_1a299430b8756aba9f6d44af46831791cc" kindref="member">quantity</ref>);</highlight></codeline>
<codeline lineno="23"><highlight class="normal"></highlight></codeline>
<codeline lineno="24"><highlight class="normal"><sp/><sp/><sp/><sp/>std::string<sp/><ref refid="class_product_1a1f0ec3112ddc76f10ce4a6f87fc3a40a" kindref="member">get_name</ref>()<sp/></highlight><highlight class="keyword">const</highlight><highlight class="normal">;</highlight></codeline>
<codeline lineno="25"><highlight class="normal"><sp/><sp/><sp/><sp/><ref refid="class_date" kindref="compound">Date</ref><sp/><ref refid="class_product_1a3a2d8273a71d12ef45b41153e56fabcd" kindref="member">get_expirationDate</ref>()<sp/></highlight><highlight class="keyword">const</highlight><highlight class="normal">;</highlight></codeline>
<codeline lineno="26"><highlight class="normal"><sp/><sp/><sp/><sp/><ref refid="class_date" kindref="compound">Date</ref><sp/><ref refid="class_product_1a6d4adb3d6cecf65316bdeb886e2bc427" kindref="member">get_goesInStorage</ref>()<sp/></highlight><highlight class="keyword">const</highlight><highlight class="normal">;</highlight></codeline>
<codeline lineno="27"><highlight class="normal"><sp/><sp/><sp/><sp/>std::string<sp/><ref refid="class_product_1ac9d05228c2ec92dd1bc1762ce8acfa57" kindref="member">get_manufacturer</ref>()<sp/></highlight><highlight class="keyword">const</highlight><highlight class="normal">;</highlight></codeline>
<codeline lineno="28"><highlight class="normal"><sp/><sp/><sp/><sp/></highlight><highlight class="keywordtype">bool</highlight><highlight class="normal"><sp/><ref refid="class_product_1a9fb52bb765e7da08d68226f3a243e17a" kindref="member">get_unit</ref>()<sp/></highlight><highlight class="keyword">const</highlight><highlight class="normal">;</highlight></codeline>
<codeline lineno="29"><highlight class="normal"><sp/><sp/><sp/><sp/></highlight><highlight class="keywordtype">int</highlight><highlight class="normal"><sp/><ref refid="class_product_1ac7a1df307388614b6dd5d1eaed5530b9" kindref="member">get_volume</ref>()<sp/></highlight><highlight class="keyword">const</highlight><highlight class="normal">;</highlight></codeline>
<codeline lineno="30"><highlight class="normal"><sp/><sp/><sp/><sp/>std::string<sp/><ref refid="class_product_1a1e8bbe4cd01bbbf9b1db683acd7905ee" kindref="member">get_note</ref>()<sp/></highlight><highlight class="keyword">const</highlight><highlight class="normal">;</highlight></codeline>
<codeline lineno="31"><highlight class="normal"><sp/><sp/><sp/><sp/></highlight><highlight class="keywordtype">int</highlight><highlight class="normal"><sp/><ref refid="class_product_1a92caa608f81ad35b516cef84720ac9f9" kindref="member">get_quantity</ref>()<sp/></highlight><highlight class="keyword">const</highlight><highlight class="normal">;</highlight></codeline>
<codeline lineno="32"><highlight class="normal"></highlight></codeline>
<codeline lineno="33"><highlight class="normal"><sp/><sp/><sp/><sp/></highlight><highlight class="keywordtype">void</highlight><highlight class="normal"><sp/><ref refid="class_product_1a8301fe32e7b93bd8fe343d30f19930ae" kindref="member">set_name</ref>(</highlight><highlight class="keyword">const</highlight><highlight class="normal"><sp/>std::string<sp/><ref refid="class_product_1a6f88e6ff8cb26b1cce49a41e72e4fcb8" kindref="member">name</ref>);</highlight></codeline>
<codeline lineno="34"><highlight class="normal"><sp/><sp/><sp/><sp/></highlight><highlight class="keywordtype">void</highlight><highlight class="normal"><sp/><ref refid="class_product_1a55d41ac4601dcd03c37a785e49406ed0" kindref="member">set_expirationDate</ref>(</highlight><highlight class="keyword">const</highlight><highlight class="normal"><sp/><ref refid="class_date" kindref="compound">Date</ref><sp/><ref refid="class_product_1a2ff85a008d3fa1a87e3da86467ed6a31" kindref="member">expirationDate</ref>);</highlight></codeline>
<codeline lineno="35"><highlight class="normal"><sp/><sp/><sp/><sp/></highlight><highlight class="keywordtype">void</highlight><highlight class="normal"><sp/><ref refid="class_product_1a9c4b8c10481bf0f5e7dcba1de3c6c346" kindref="member">set_goesInStorage</ref>(</highlight><highlight class="keyword">const</highlight><highlight class="normal"><sp/><ref refid="class_date" kindref="compound">Date</ref><sp/><ref refid="class_product_1a9703c835bc2f66c0101755e0aed24468" kindref="member">goesInStorage</ref>);</highlight></codeline>
<codeline lineno="36"><highlight class="normal"><sp/><sp/><sp/><sp/></highlight><highlight class="keywordtype">void</highlight><highlight class="normal"><sp/><ref refid="class_product_1a6d351da3aa23dea01070dc02f3bf34a7" kindref="member">set_manufacurer</ref>(</highlight><highlight class="keyword">const</highlight><highlight class="normal"><sp/>std::string<sp/>manufactorer);</highlight></codeline>
<codeline lineno="37"><highlight class="normal"><sp/><sp/><sp/><sp/></highlight><highlight class="keywordtype">void</highlight><highlight class="normal"><sp/><ref refid="class_product_1ab79a6ae7127a580f14e2d60ac79e8817" kindref="member">set_unit</ref>(</highlight><highlight class="keywordtype">bool</highlight><highlight class="normal"><sp/><ref refid="class_product_1a6b5470d913ca0ac1756d79756b858c4c" kindref="member">unit</ref>);</highlight></codeline>
<codeline lineno="38"><highlight class="normal"><sp/><sp/><sp/><sp/></highlight><highlight class="keywordtype">void</highlight><highlight class="normal"><sp/><ref refid="class_product_1aa83c84b876af3d1017045ca4e7322f2e" kindref="member">set_volume</ref>(</highlight><highlight class="keywordtype">int</highlight><highlight class="normal"><sp/><ref refid="class_product_1afa8c9c45dada6dd87d6ccd200d1d92b9" kindref="member">volume</ref>);</highlight></codeline>
<codeline lineno="39"><highlight class="normal"><sp/><sp/><sp/><sp/></highlight><highlight class="keywordtype">void</highlight><highlight class="normal"><sp/><ref refid="class_product_1a3bb1464d62fcd8dea475ddbfe5d72f97" kindref="member">set_note</ref>(</highlight><highlight class="keyword">const</highlight><highlight class="normal"><sp/>std::string<sp/><ref refid="class_product_1a167e001e3a14c62fa7368b93f9b147dd" kindref="member">note</ref>);</highlight></codeline>
<codeline lineno="40"><highlight class="normal"><sp/><sp/><sp/><sp/></highlight><highlight class="keywordtype">void</highlight><highlight class="normal"><sp/><ref refid="class_product_1a52131706c7e1e50cf3609648f8761969" kindref="member">set_quantity</ref>(</highlight><highlight class="keywordtype">int</highlight><highlight class="normal"><sp/><ref refid="class_product_1a299430b8756aba9f6d44af46831791cc" kindref="member">quantity</ref>);</highlight></codeline>
<codeline lineno="41"><highlight class="normal"></highlight></codeline>
<codeline lineno="42"><highlight class="normal"><sp/><sp/><sp/><sp/></highlight><highlight class="keywordtype">void</highlight><highlight class="normal"><sp/><ref refid="class_product_1ab1ec9d63a5fe9bd3c4a478668a42988f" kindref="member">increaseQuantity</ref>(</highlight><highlight class="keywordtype">int</highlight><highlight class="normal"><sp/>otherQuantity);</highlight></codeline>
<codeline lineno="43"><highlight class="normal">};</highlight></codeline>
<codeline lineno="44"><highlight class="normal"></highlight></codeline>
    </programlisting>
    <location file="D:/SU_2019_2020/OOP_2020/projects/project_02/Storage/project_2_Storage/project_2_Storage/Product.h"/>
  </compounddef>
</doxygen>
