<?xml version='1.0' encoding='UTF-8' standalone='no'?>
<doxygen xmlns:xsi="http://www.w3.org/2001/XMLSchema-instance" xsi:noNamespaceSchemaLocation="compound.xsd" version="1.8.18">
  <compounddef id="_storage_8cpp" kind="file" language="C++">
    <compoundname>Storage.cpp</compoundname>
    <includes refid="stdafx_8h" local="yes">stdafx.h</includes>
    <includes refid="_storage_8h" local="yes">Storage.h</includes>
    <includes local="no">fstream</includes>
    <incdepgraph>
      <node id="4">
        <label>SDKDDKVer.h</label>
      </node>
      <node id="3">
        <label>targetver.h</label>
        <link refid="targetver_8h"/>
        <childnode refid="4" relation="include">
        </childnode>
      </node>
      <node id="11">
        <label>string</label>
      </node>
      <node id="7">
        <label>Storage.h</label>
        <link refid="_storage_8h"/>
        <childnode refid="8" relation="include">
        </childnode>
        <childnode refid="9" relation="include">
        </childnode>
        <childnode refid="10" relation="include">
        </childnode>
        <childnode refid="12" relation="include">
        </childnode>
        <childnode refid="14" relation="include">
        </childnode>
        <childnode refid="15" relation="include">
        </childnode>
        <childnode refid="13" relation="include">
        </childnode>
      </node>
      <node id="14">
        <label>Command.h</label>
        <link refid="_command_8h"/>
        <childnode refid="9" relation="include">
        </childnode>
        <childnode refid="11" relation="include">
        </childnode>
      </node>
      <node id="16">
        <label>fstream</label>
      </node>
      <node id="1">
        <label>D:/SU_2019_2020/OOP_2020/projects/project_02/Storage/project_2_Storage/project_2_Storage/Storage.cpp</label>
        <link refid="_storage_8cpp"/>
        <childnode refid="2" relation="include">
        </childnode>
        <childnode refid="7" relation="include">
        </childnode>
        <childnode refid="16" relation="include">
        </childnode>
      </node>
      <node id="12">
        <label>Place.h</label>
        <link refid="_place_8h"/>
        <childnode refid="13" relation="include">
        </childnode>
        <childnode refid="10" relation="include">
        </childnode>
        <childnode refid="9" relation="include">
        </childnode>
      </node>
      <node id="15">
        <label>ctime</label>
      </node>
      <node id="13">
        <label>vector</label>
      </node>
      <node id="8">
        <label>iostream</label>
      </node>
      <node id="6">
        <label>tchar.h</label>
      </node>
      <node id="2">
        <label>stdafx.h</label>
        <link refid="stdafx_8h"/>
        <childnode refid="3" relation="include">
        </childnode>
        <childnode refid="5" relation="include">
        </childnode>
        <childnode refid="6" relation="include">
        </childnode>
      </node>
      <node id="9">
        <label>Date.h</label>
        <link refid="_date_8h"/>
      </node>
      <node id="5">
        <label>stdio.h</label>
      </node>
      <node id="10">
        <label>Product.h</label>
        <link refid="_product_8h"/>
        <childnode refid="9" relation="include">
        </childnode>
        <childnode refid="11" relation="include">
        </childnode>
      </node>
    </incdepgraph>
    <briefdescription>
    </briefdescription>
    <detaileddescription>
    </detaileddescription>
    <programlisting>
<codeline lineno="1"><highlight class="preprocessor">#include<sp/>&quot;<ref refid="stdafx_8h" kindref="compound">stdafx.h</ref>&quot;</highlight><highlight class="normal"></highlight></codeline>
<codeline lineno="2"><highlight class="normal"></highlight><highlight class="preprocessor">#include<sp/>&quot;<ref refid="_storage_8h" kindref="compound">Storage.h</ref>&quot;</highlight><highlight class="normal"></highlight></codeline>
<codeline lineno="3"><highlight class="normal"></highlight><highlight class="preprocessor">#include&lt;fstream&gt;</highlight><highlight class="normal"></highlight></codeline>
<codeline lineno="4"><highlight class="normal"></highlight></codeline>
<codeline lineno="5"><highlight class="normal"></highlight></codeline>
<codeline lineno="6" refid="class_storage_1a80ef6af5e4c9fd4424ae16e808d05291" refkind="member"><highlight class="normal"><ref refid="class_storage_1a80ef6af5e4c9fd4424ae16e808d05291" kindref="member">Storage::Storage</ref>()</highlight></codeline>
<codeline lineno="7"><highlight class="normal">{</highlight></codeline>
<codeline lineno="8"><highlight class="normal"><sp/><sp/><sp/><sp/>this-&gt;<ref refid="class_storage_1ad7902462fa9d7c09c5fd989e302c21d8" kindref="member">volume</ref><sp/>=<sp/>0;</highlight></codeline>
<codeline lineno="9"><highlight class="normal">}</highlight></codeline>
<codeline lineno="10"><highlight class="normal"></highlight></codeline>
<codeline lineno="12" refid="class_storage_1a292246f1c4b719a112638bdc73109664" refkind="member"><highlight class="keywordtype">void</highlight><highlight class="normal"><sp/><ref refid="class_storage_1a292246f1c4b719a112638bdc73109664" kindref="member">Storage::set_volume</ref>(</highlight><highlight class="keywordtype">int</highlight><highlight class="normal"><sp/>volume)</highlight></codeline>
<codeline lineno="13"><highlight class="normal">{</highlight></codeline>
<codeline lineno="14"><highlight class="normal"><sp/><sp/><sp/><sp/>this-&gt;volume<sp/>=<sp/><ref refid="class_storage_1ad7902462fa9d7c09c5fd989e302c21d8" kindref="member">volume</ref>;</highlight></codeline>
<codeline lineno="15"><highlight class="normal"><sp/><sp/><sp/><sp/>this-&gt;<ref refid="class_storage_1af40db1f3a14fc7a6ef1191652cd25ca8" kindref="member">generate_places</ref>();</highlight></codeline>
<codeline lineno="16"><highlight class="normal">}</highlight></codeline>
<codeline lineno="17"><highlight class="normal"></highlight></codeline>
<codeline lineno="19" refid="class_storage_1a73df5f67fd76f334e3511b2850882974" refkind="member"><highlight class="keywordtype">void</highlight><highlight class="normal"><sp/><ref refid="class_storage_1a73df5f67fd76f334e3511b2850882974" kindref="member">Storage::print</ref>()</highlight></codeline>
<codeline lineno="20"><highlight class="normal">{</highlight></codeline>
<codeline lineno="21"><highlight class="normal"><sp/><sp/><sp/><sp/><ref refid="class_command" kindref="compound">Command</ref><sp/>currentCommand(</highlight><highlight class="stringliteral">&quot;print&quot;</highlight><highlight class="normal">,<sp/>this-&gt;<ref refid="class_storage_1a8280556e359cbfbf28adb97649816702" kindref="member">get_currentDate</ref>());</highlight></codeline>
<codeline lineno="22"><highlight class="normal"><sp/><sp/><sp/><sp/>this-&gt;<ref refid="class_storage_1ac70f9c3b5b46699ea541cb3a25693f20" kindref="member">commands</ref>.push_back(currentCommand);</highlight></codeline>
<codeline lineno="23"><highlight class="normal"></highlight></codeline>
<codeline lineno="24"><highlight class="normal"><sp/><sp/><sp/><sp/></highlight><highlight class="keywordflow">for</highlight><highlight class="normal"><sp/>(</highlight><highlight class="keywordtype">int</highlight><highlight class="normal"><sp/>i<sp/>=<sp/>0;<sp/>i<sp/>&lt;<sp/>this-&gt;<ref refid="class_storage_1a980c430120597bdbb8ace78ba5330158" kindref="member">places</ref>.size();<sp/>i++)</highlight></codeline>
<codeline lineno="25"><highlight class="normal"><sp/><sp/><sp/><sp/>{</highlight></codeline>
<codeline lineno="26"><highlight class="normal"><sp/><sp/><sp/><sp/><sp/><sp/><sp/><sp/>std::vector&lt;Product&gt;<sp/>current_products<sp/>=<sp/>this-&gt;<ref refid="class_storage_1a980c430120597bdbb8ace78ba5330158" kindref="member">places</ref>[i].get_products();</highlight></codeline>
<codeline lineno="27"><highlight class="normal"><sp/><sp/><sp/><sp/><sp/><sp/><sp/><sp/></highlight><highlight class="keywordflow">for</highlight><highlight class="normal"><sp/>(</highlight><highlight class="keywordtype">int</highlight><highlight class="normal"><sp/>j<sp/>=<sp/>0;<sp/>j<sp/>&lt;<sp/>current_products.size();<sp/>j++)</highlight></codeline>
<codeline lineno="28"><highlight class="normal"><sp/><sp/><sp/><sp/><sp/><sp/><sp/><sp/>{</highlight></codeline>
<codeline lineno="29"><highlight class="normal"><sp/><sp/><sp/><sp/><sp/><sp/><sp/><sp/><sp/><sp/><sp/><sp/>std::cout<sp/>&lt;&lt;<sp/></highlight><highlight class="stringliteral">&quot;Product:<sp/>&quot;</highlight><highlight class="normal"><sp/>&lt;&lt;<sp/>current_products[j].get_name()<sp/>&lt;&lt;<sp/>std::endl;</highlight></codeline>
<codeline lineno="30"><highlight class="normal"><sp/><sp/><sp/><sp/><sp/><sp/><sp/><sp/><sp/><sp/><sp/><sp/>std::cout<sp/>&lt;&lt;<sp/></highlight><highlight class="stringliteral">&quot;Expiration<sp/>date:<sp/>&quot;</highlight><highlight class="normal"><sp/>&lt;&lt;<sp/>current_products[j].get_expirationDate().get_day()</highlight></codeline>
<codeline lineno="31"><highlight class="normal"><sp/><sp/><sp/><sp/><sp/><sp/><sp/><sp/><sp/><sp/><sp/><sp/><sp/><sp/><sp/><sp/>&lt;&lt;<sp/></highlight><highlight class="stringliteral">&quot;/&quot;</highlight><highlight class="normal"><sp/>&lt;&lt;<sp/>current_products[j].get_expirationDate().get_month()</highlight></codeline>
<codeline lineno="32"><highlight class="normal"><sp/><sp/><sp/><sp/><sp/><sp/><sp/><sp/><sp/><sp/><sp/><sp/><sp/><sp/><sp/><sp/>&lt;&lt;<sp/></highlight><highlight class="stringliteral">&quot;/&quot;</highlight><highlight class="normal"><sp/>&lt;&lt;<sp/>current_products[j].get_expirationDate().get_year()<sp/>&lt;&lt;<sp/>std::endl;</highlight></codeline>
<codeline lineno="33"><highlight class="normal"><sp/><sp/><sp/><sp/><sp/><sp/><sp/><sp/><sp/><sp/><sp/><sp/></highlight><highlight class="keywordflow">if</highlight><highlight class="normal"><sp/>(current_products[j].get_unit())</highlight></codeline>
<codeline lineno="34"><highlight class="normal"><sp/><sp/><sp/><sp/><sp/><sp/><sp/><sp/><sp/><sp/><sp/><sp/>{</highlight></codeline>
<codeline lineno="35"><highlight class="normal"><sp/><sp/><sp/><sp/><sp/><sp/><sp/><sp/><sp/><sp/><sp/><sp/><sp/><sp/><sp/><sp/>std::cout<sp/>&lt;&lt;<sp/></highlight><highlight class="stringliteral">&quot;Unit:<sp/>kilograms&quot;</highlight><highlight class="normal"><sp/>&lt;&lt;<sp/>std::endl;</highlight></codeline>
<codeline lineno="36"><highlight class="normal"><sp/><sp/><sp/><sp/><sp/><sp/><sp/><sp/><sp/><sp/><sp/><sp/>}</highlight></codeline>
<codeline lineno="37"><highlight class="normal"><sp/><sp/><sp/><sp/><sp/><sp/><sp/><sp/><sp/><sp/><sp/><sp/></highlight><highlight class="keywordflow">else</highlight><highlight class="normal"></highlight></codeline>
<codeline lineno="38"><highlight class="normal"><sp/><sp/><sp/><sp/><sp/><sp/><sp/><sp/><sp/><sp/><sp/><sp/>{</highlight></codeline>
<codeline lineno="39"><highlight class="normal"><sp/><sp/><sp/><sp/><sp/><sp/><sp/><sp/><sp/><sp/><sp/><sp/><sp/><sp/><sp/><sp/>std::cout<sp/>&lt;&lt;<sp/></highlight><highlight class="stringliteral">&quot;Unit:<sp/>liters&quot;</highlight><highlight class="normal"><sp/>&lt;&lt;<sp/>std::endl;</highlight></codeline>
<codeline lineno="40"><highlight class="normal"><sp/><sp/><sp/><sp/><sp/><sp/><sp/><sp/><sp/><sp/><sp/><sp/>}</highlight></codeline>
<codeline lineno="41"><highlight class="normal"><sp/><sp/><sp/><sp/><sp/><sp/><sp/><sp/><sp/><sp/><sp/><sp/>std::cout<sp/>&lt;&lt;<sp/></highlight><highlight class="stringliteral">&quot;Qantity:<sp/>&quot;</highlight><highlight class="normal"><sp/>&lt;&lt;<sp/>current_products[j].get_quantity()<sp/>&lt;&lt;<sp/>std::endl;</highlight></codeline>
<codeline lineno="42"><highlight class="normal"><sp/><sp/><sp/><sp/><sp/><sp/><sp/><sp/><sp/><sp/><sp/><sp/>std::cout<sp/>&lt;&lt;<sp/></highlight><highlight class="stringliteral">&quot;Note:<sp/>&quot;</highlight><highlight class="normal"><sp/>&lt;&lt;<sp/>current_products[j].get_note()<sp/>&lt;&lt;<sp/>std::endl;</highlight></codeline>
<codeline lineno="43"><highlight class="normal"><sp/><sp/><sp/><sp/><sp/><sp/><sp/><sp/><sp/><sp/><sp/><sp/>std::cout<sp/>&lt;&lt;<sp/>std::endl;</highlight></codeline>
<codeline lineno="44"><highlight class="normal"><sp/><sp/><sp/><sp/><sp/><sp/><sp/><sp/>}</highlight></codeline>
<codeline lineno="45"><highlight class="normal"><sp/><sp/><sp/><sp/>}</highlight></codeline>
<codeline lineno="46"><highlight class="normal"></highlight></codeline>
<codeline lineno="47"><highlight class="normal">}</highlight></codeline>
<codeline lineno="49" refid="class_storage_1af661b341e3db2afdd857f3395230a49a" refkind="member"><highlight class="keywordtype">void</highlight><highlight class="normal"><sp/><ref refid="class_storage_1af661b341e3db2afdd857f3395230a49a" kindref="member">Storage::add</ref>(</highlight><highlight class="keyword">const</highlight><highlight class="normal"><sp/><ref refid="class_product" kindref="compound">Product</ref><sp/>&amp;product)</highlight></codeline>
<codeline lineno="50"><highlight class="normal">{</highlight></codeline>
<codeline lineno="51"><highlight class="normal"><sp/><sp/><sp/><sp/><ref refid="class_command" kindref="compound">Command</ref><sp/>currentCommand(</highlight><highlight class="stringliteral">&quot;add&quot;</highlight><highlight class="normal">,<sp/>this-&gt;<ref refid="class_storage_1a8280556e359cbfbf28adb97649816702" kindref="member">get_currentDate</ref>());</highlight></codeline>
<codeline lineno="52"><highlight class="normal"><sp/><sp/><sp/><sp/>this-&gt;<ref refid="class_storage_1ac70f9c3b5b46699ea541cb3a25693f20" kindref="member">commands</ref>.push_back(currentCommand);</highlight></codeline>
<codeline lineno="53"><highlight class="normal"></highlight></codeline>
<codeline lineno="54"><highlight class="normal"><sp/><sp/><sp/><sp/></highlight><highlight class="keywordtype">bool</highlight><highlight class="normal"><sp/>flag<sp/>=<sp/></highlight><highlight class="keyword">true</highlight><highlight class="normal">;</highlight></codeline>
<codeline lineno="55"><highlight class="normal"></highlight></codeline>
<codeline lineno="56"><highlight class="normal"><sp/><sp/><sp/><sp/></highlight><highlight class="keywordflow">for</highlight><highlight class="normal"><sp/>(</highlight><highlight class="keywordtype">size_t</highlight><highlight class="normal"><sp/>i<sp/>=<sp/>0;<sp/>i<sp/>&lt;<sp/>this-&gt;<ref refid="class_storage_1a980c430120597bdbb8ace78ba5330158" kindref="member">places</ref>.size();<sp/>i++)</highlight></codeline>
<codeline lineno="57"><highlight class="normal"><sp/><sp/><sp/><sp/>{</highlight></codeline>
<codeline lineno="58"><highlight class="normal"><sp/><sp/><sp/><sp/><sp/><sp/><sp/><sp/>std::vector&lt;Product&gt;<sp/>current_products<sp/>=<sp/>this-&gt;<ref refid="class_storage_1a980c430120597bdbb8ace78ba5330158" kindref="member">places</ref>[i].get_products();</highlight></codeline>
<codeline lineno="59"><highlight class="normal"><sp/><sp/><sp/><sp/><sp/><sp/><sp/><sp/></highlight><highlight class="keywordflow">for</highlight><highlight class="normal"><sp/>(</highlight><highlight class="keywordtype">size_t</highlight><highlight class="normal"><sp/>j<sp/>=<sp/>0;<sp/>j<sp/>&lt;<sp/>current_products.size();<sp/>j++)</highlight></codeline>
<codeline lineno="60"><highlight class="normal"><sp/><sp/><sp/><sp/><sp/><sp/><sp/><sp/>{</highlight></codeline>
<codeline lineno="61"><highlight class="normal"><sp/><sp/><sp/><sp/><sp/><sp/><sp/><sp/><sp/><sp/><sp/><sp/></highlight><highlight class="keywordflow">if</highlight><highlight class="normal"><sp/>(current_products[j].get_name()<sp/>==<sp/>product.<ref refid="class_product_1a1f0ec3112ddc76f10ce4a6f87fc3a40a" kindref="member">get_name</ref>()<sp/></highlight></codeline>
<codeline lineno="62"><highlight class="normal"><sp/><sp/><sp/><sp/><sp/><sp/><sp/><sp/><sp/><sp/><sp/><sp/><sp/><sp/><sp/><sp/>&amp;&amp;<sp/>(this-&gt;places[i].get_current_volume()<sp/>+<sp/>product.<ref refid="class_product_1ac7a1df307388614b6dd5d1eaed5530b9" kindref="member">get_volume</ref>())<sp/>&lt;=<sp/>this-&gt;places[i].get_volume())</highlight></codeline>
<codeline lineno="63"><highlight class="normal"><sp/><sp/><sp/><sp/><sp/><sp/><sp/><sp/><sp/><sp/><sp/><sp/>{</highlight></codeline>
<codeline lineno="64"><highlight class="normal"><sp/><sp/><sp/><sp/><sp/><sp/><sp/><sp/><sp/><sp/><sp/><sp/><sp/><sp/><sp/><sp/></highlight><highlight class="keywordflow">if</highlight><highlight class="normal"><sp/>(current_products[j].get_expirationDate()<sp/>==<sp/>product.<ref refid="class_product_1a3a2d8273a71d12ef45b41153e56fabcd" kindref="member">get_expirationDate</ref>())</highlight></codeline>
<codeline lineno="65"><highlight class="normal"><sp/><sp/><sp/><sp/><sp/><sp/><sp/><sp/><sp/><sp/><sp/><sp/><sp/><sp/><sp/><sp/>{</highlight></codeline>
<codeline lineno="66"><highlight class="normal"><sp/><sp/><sp/><sp/><sp/><sp/><sp/><sp/><sp/><sp/><sp/><sp/><sp/><sp/><sp/><sp/><sp/><sp/><sp/><sp/>current_products[j].set_quantity(current_products[j].get_quantity()<sp/>+<sp/>product.<ref refid="class_product_1a92caa608f81ad35b516cef84720ac9f9" kindref="member">get_quantity</ref>());</highlight></codeline>
<codeline lineno="67"><highlight class="normal"><sp/><sp/><sp/><sp/><sp/><sp/><sp/><sp/><sp/><sp/><sp/><sp/><sp/><sp/><sp/><sp/><sp/><sp/><sp/><sp/>this-&gt;<ref refid="class_storage_1a980c430120597bdbb8ace78ba5330158" kindref="member">places</ref>[i].set_products(current_products);</highlight></codeline>
<codeline lineno="68"><highlight class="normal"><sp/><sp/><sp/><sp/><sp/><sp/><sp/><sp/><sp/><sp/><sp/><sp/><sp/><sp/><sp/><sp/><sp/><sp/><sp/><sp/>flag<sp/>=<sp/></highlight><highlight class="keyword">false</highlight><highlight class="normal">;</highlight></codeline>
<codeline lineno="69"><highlight class="normal"><sp/><sp/><sp/><sp/><sp/><sp/><sp/><sp/><sp/><sp/><sp/><sp/><sp/><sp/><sp/><sp/>}</highlight></codeline>
<codeline lineno="70"><highlight class="normal"><sp/><sp/><sp/><sp/><sp/><sp/><sp/><sp/><sp/><sp/><sp/><sp/><sp/><sp/><sp/><sp/></highlight><highlight class="keywordflow">else</highlight><highlight class="normal"></highlight></codeline>
<codeline lineno="71"><highlight class="normal"><sp/><sp/><sp/><sp/><sp/><sp/><sp/><sp/><sp/><sp/><sp/><sp/><sp/><sp/><sp/><sp/>{</highlight></codeline>
<codeline lineno="72"><highlight class="normal"><sp/><sp/><sp/><sp/><sp/><sp/><sp/><sp/><sp/><sp/><sp/><sp/><sp/><sp/><sp/><sp/><sp/><sp/><sp/><sp/></highlight><highlight class="keywordflow">for</highlight><highlight class="normal"><sp/>(</highlight><highlight class="keywordtype">size_t</highlight><highlight class="normal"><sp/>i<sp/>=<sp/>0;<sp/>i<sp/>&lt;<sp/>this-&gt;<ref refid="class_storage_1a980c430120597bdbb8ace78ba5330158" kindref="member">places</ref>.size();<sp/>i++)</highlight></codeline>
<codeline lineno="73"><highlight class="normal"><sp/><sp/><sp/><sp/><sp/><sp/><sp/><sp/><sp/><sp/><sp/><sp/><sp/><sp/><sp/><sp/><sp/><sp/><sp/><sp/>{</highlight></codeline>
<codeline lineno="74"><highlight class="normal"><sp/><sp/><sp/><sp/><sp/><sp/><sp/><sp/><sp/><sp/><sp/><sp/><sp/><sp/><sp/><sp/><sp/><sp/><sp/><sp/><sp/><sp/><sp/><sp/></highlight><highlight class="keywordflow">if</highlight><highlight class="normal"><sp/>(product.<ref refid="class_product_1ac7a1df307388614b6dd5d1eaed5530b9" kindref="member">get_volume</ref>()<sp/>&lt;=<sp/>this-&gt;places[i].get_volume()</highlight></codeline>
<codeline lineno="75"><highlight class="normal"><sp/><sp/><sp/><sp/><sp/><sp/><sp/><sp/><sp/><sp/><sp/><sp/><sp/><sp/><sp/><sp/><sp/><sp/><sp/><sp/><sp/><sp/><sp/><sp/><sp/><sp/><sp/><sp/>&amp;&amp;<sp/>this-&gt;places[i].get_current_volume()<sp/>+<sp/>product.<ref refid="class_product_1ac7a1df307388614b6dd5d1eaed5530b9" kindref="member">get_volume</ref>()<sp/>&lt;=<sp/>this-&gt;places[i].get_volume())</highlight></codeline>
<codeline lineno="76"><highlight class="normal"><sp/><sp/><sp/><sp/><sp/><sp/><sp/><sp/><sp/><sp/><sp/><sp/><sp/><sp/><sp/><sp/><sp/><sp/><sp/><sp/><sp/><sp/><sp/><sp/>{</highlight></codeline>
<codeline lineno="77"><highlight class="normal"><sp/><sp/><sp/><sp/><sp/><sp/><sp/><sp/><sp/><sp/><sp/><sp/><sp/><sp/><sp/><sp/><sp/><sp/><sp/><sp/><sp/><sp/><sp/><sp/><sp/><sp/><sp/><sp/>this-&gt;<ref refid="class_storage_1a980c430120597bdbb8ace78ba5330158" kindref="member">places</ref>[i].add_product(product);</highlight></codeline>
<codeline lineno="78"><highlight class="normal"><sp/><sp/><sp/><sp/><sp/><sp/><sp/><sp/><sp/><sp/><sp/><sp/><sp/><sp/><sp/><sp/><sp/><sp/><sp/><sp/><sp/><sp/><sp/><sp/><sp/><sp/><sp/><sp/></highlight><highlight class="keywordflow">break</highlight><highlight class="normal">;</highlight></codeline>
<codeline lineno="79"><highlight class="normal"><sp/><sp/><sp/><sp/><sp/><sp/><sp/><sp/><sp/><sp/><sp/><sp/><sp/><sp/><sp/><sp/><sp/><sp/><sp/><sp/><sp/><sp/><sp/><sp/>}</highlight></codeline>
<codeline lineno="80"><highlight class="normal"><sp/><sp/><sp/><sp/><sp/><sp/><sp/><sp/><sp/><sp/><sp/><sp/><sp/><sp/><sp/><sp/><sp/><sp/><sp/><sp/>}</highlight></codeline>
<codeline lineno="81"><highlight class="normal"><sp/><sp/><sp/><sp/><sp/><sp/><sp/><sp/><sp/><sp/><sp/><sp/><sp/><sp/><sp/><sp/><sp/><sp/><sp/><sp/>flag<sp/>=<sp/></highlight><highlight class="keyword">false</highlight><highlight class="normal">;</highlight></codeline>
<codeline lineno="82"><highlight class="normal"><sp/><sp/><sp/><sp/><sp/><sp/><sp/><sp/><sp/><sp/><sp/><sp/><sp/><sp/><sp/><sp/>}</highlight></codeline>
<codeline lineno="83"><highlight class="normal"><sp/><sp/><sp/><sp/><sp/><sp/><sp/><sp/><sp/><sp/><sp/><sp/>}</highlight></codeline>
<codeline lineno="84"><highlight class="normal"><sp/><sp/><sp/><sp/><sp/><sp/><sp/><sp/>}</highlight></codeline>
<codeline lineno="85"><highlight class="normal"><sp/><sp/><sp/><sp/>}</highlight></codeline>
<codeline lineno="86"><highlight class="normal"></highlight></codeline>
<codeline lineno="87"><highlight class="normal"><sp/><sp/><sp/><sp/></highlight><highlight class="keywordflow">for</highlight><highlight class="normal"><sp/>(</highlight><highlight class="keywordtype">size_t</highlight><highlight class="normal"><sp/>i<sp/>=<sp/>0;<sp/>i<sp/>&lt;<sp/>this-&gt;<ref refid="class_storage_1a980c430120597bdbb8ace78ba5330158" kindref="member">places</ref>.size()<sp/>&amp;&amp;<sp/>flag;<sp/>i++)</highlight></codeline>
<codeline lineno="88"><highlight class="normal"><sp/><sp/><sp/><sp/>{</highlight></codeline>
<codeline lineno="89"><highlight class="normal"><sp/><sp/><sp/><sp/><sp/><sp/><sp/><sp/></highlight><highlight class="keywordflow">if</highlight><highlight class="normal"><sp/>(product.<ref refid="class_product_1ac7a1df307388614b6dd5d1eaed5530b9" kindref="member">get_volume</ref>()<sp/>&lt;=<sp/>this-&gt;places[i].get_volume()</highlight></codeline>
<codeline lineno="90"><highlight class="normal"><sp/><sp/><sp/><sp/><sp/><sp/><sp/><sp/><sp/><sp/><sp/><sp/>&amp;&amp;<sp/>this-&gt;places[i].get_current_volume()<sp/>+<sp/>product.<ref refid="class_product_1ac7a1df307388614b6dd5d1eaed5530b9" kindref="member">get_volume</ref>()<sp/>&lt;=<sp/>this-&gt;places[i].get_volume())</highlight></codeline>
<codeline lineno="91"><highlight class="normal"><sp/><sp/><sp/><sp/><sp/><sp/><sp/><sp/>{</highlight></codeline>
<codeline lineno="92"><highlight class="normal"><sp/><sp/><sp/><sp/><sp/><sp/><sp/><sp/><sp/><sp/><sp/><sp/>this-&gt;<ref refid="class_storage_1a980c430120597bdbb8ace78ba5330158" kindref="member">places</ref>[i].add_product(product);</highlight></codeline>
<codeline lineno="93"><highlight class="normal"><sp/><sp/><sp/><sp/><sp/><sp/><sp/><sp/><sp/><sp/><sp/><sp/></highlight><highlight class="keywordflow">break</highlight><highlight class="normal">;</highlight></codeline>
<codeline lineno="94"><highlight class="normal"><sp/><sp/><sp/><sp/><sp/><sp/><sp/><sp/>}</highlight></codeline>
<codeline lineno="95"><highlight class="normal"><sp/><sp/><sp/><sp/>}</highlight></codeline>
<codeline lineno="96"><highlight class="normal">}</highlight></codeline>
<codeline lineno="98" refid="class_storage_1a134469d697be6e9c7f82058a6da6ecad" refkind="member"><highlight class="keywordtype">void</highlight><highlight class="normal"><sp/><ref refid="class_storage_1a134469d697be6e9c7f82058a6da6ecad" kindref="member">Storage::remove</ref>(</highlight><highlight class="keyword">const</highlight><highlight class="normal"><sp/>std::string<sp/>&amp;name,<sp/></highlight><highlight class="keywordtype">int</highlight><highlight class="normal"><sp/>quantity)</highlight></codeline>
<codeline lineno="99"><highlight class="normal">{</highlight></codeline>
<codeline lineno="100"><highlight class="normal"><sp/><sp/><sp/><sp/><ref refid="class_command" kindref="compound">Command</ref><sp/>currentCommand(</highlight><highlight class="stringliteral">&quot;remove&quot;</highlight><highlight class="normal">,<sp/>this-&gt;<ref refid="class_storage_1a8280556e359cbfbf28adb97649816702" kindref="member">get_currentDate</ref>());</highlight></codeline>
<codeline lineno="101"><highlight class="normal"><sp/><sp/><sp/><sp/>this-&gt;<ref refid="class_storage_1ac70f9c3b5b46699ea541cb3a25693f20" kindref="member">commands</ref>.push_back(currentCommand);</highlight></codeline>
<codeline lineno="102"><highlight class="normal"></highlight></codeline>
<codeline lineno="103"><highlight class="normal"><sp/><sp/><sp/><sp/>std::vector&lt;Product&gt;<sp/>current_products_remove;</highlight></codeline>
<codeline lineno="104"><highlight class="normal"><sp/><sp/><sp/><sp/></highlight><highlight class="keywordflow">for</highlight><highlight class="normal"><sp/>(</highlight><highlight class="keywordtype">size_t</highlight><highlight class="normal"><sp/>i<sp/>=<sp/>0;<sp/>i<sp/>&lt;<sp/>this-&gt;<ref refid="class_storage_1a980c430120597bdbb8ace78ba5330158" kindref="member">places</ref>.size();<sp/>i++)</highlight></codeline>
<codeline lineno="105"><highlight class="normal"><sp/><sp/><sp/><sp/>{</highlight></codeline>
<codeline lineno="106"><highlight class="normal"><sp/><sp/><sp/><sp/><sp/><sp/><sp/><sp/>std::vector&lt;Product&gt;<sp/>current_products<sp/>=<sp/>this-&gt;<ref refid="class_storage_1a980c430120597bdbb8ace78ba5330158" kindref="member">places</ref>[i].get_products();</highlight></codeline>
<codeline lineno="107"><highlight class="normal"><sp/><sp/><sp/><sp/><sp/><sp/><sp/><sp/></highlight><highlight class="keywordflow">for</highlight><highlight class="normal"><sp/>(</highlight><highlight class="keywordtype">size_t</highlight><highlight class="normal"><sp/>j<sp/>=<sp/>0;<sp/>j<sp/>&lt;<sp/>current_products.size();<sp/>j++)</highlight></codeline>
<codeline lineno="108"><highlight class="normal"><sp/><sp/><sp/><sp/><sp/><sp/><sp/><sp/>{</highlight></codeline>
<codeline lineno="109"><highlight class="normal"><sp/><sp/><sp/><sp/><sp/><sp/><sp/><sp/><sp/><sp/><sp/><sp/></highlight><highlight class="keywordflow">if</highlight><highlight class="normal"><sp/>(current_products[j].get_name()<sp/>==<sp/>name)</highlight></codeline>
<codeline lineno="110"><highlight class="normal"><sp/><sp/><sp/><sp/><sp/><sp/><sp/><sp/><sp/><sp/><sp/><sp/>{</highlight></codeline>
<codeline lineno="111"><highlight class="normal"><sp/><sp/><sp/><sp/><sp/><sp/><sp/><sp/><sp/><sp/><sp/><sp/><sp/><sp/><sp/><sp/>current_products_remove.push_back(current_products[j]);</highlight></codeline>
<codeline lineno="112"><highlight class="normal"><sp/><sp/><sp/><sp/><sp/><sp/><sp/><sp/><sp/><sp/><sp/><sp/><sp/><sp/><sp/><sp/>this-&gt;<ref refid="class_storage_1a980c430120597bdbb8ace78ba5330158" kindref="member">places</ref>[i].set_current_volume(this-&gt;<ref refid="class_storage_1a980c430120597bdbb8ace78ba5330158" kindref="member">places</ref>[i].get_current_volume()<sp/>-<sp/>current_products[j].get_volume());</highlight></codeline>
<codeline lineno="113"><highlight class="normal"><sp/><sp/><sp/><sp/><sp/><sp/><sp/><sp/><sp/><sp/><sp/><sp/><sp/><sp/><sp/><sp/>current_products.erase(current_products.begin()<sp/>+<sp/>j);</highlight></codeline>
<codeline lineno="114"><highlight class="normal"><sp/><sp/><sp/><sp/><sp/><sp/><sp/><sp/><sp/><sp/><sp/><sp/><sp/><sp/><sp/><sp/>this-&gt;<ref refid="class_storage_1a980c430120597bdbb8ace78ba5330158" kindref="member">places</ref>[i].set_products(current_products);</highlight></codeline>
<codeline lineno="115"><highlight class="normal"><sp/><sp/><sp/><sp/><sp/><sp/><sp/><sp/><sp/><sp/><sp/><sp/>}</highlight></codeline>
<codeline lineno="116"><highlight class="normal"><sp/><sp/><sp/><sp/><sp/><sp/><sp/><sp/>}</highlight></codeline>
<codeline lineno="117"><highlight class="normal"><sp/><sp/><sp/><sp/>}</highlight></codeline>
<codeline lineno="118"><highlight class="normal"></highlight></codeline>
<codeline lineno="119"><highlight class="normal"></highlight></codeline>
<codeline lineno="120"><highlight class="normal"><sp/><sp/><sp/><sp/></highlight><highlight class="keywordflow">if</highlight><highlight class="normal"><sp/>(current_products_remove.size()<sp/>&gt;<sp/>1)</highlight></codeline>
<codeline lineno="121"><highlight class="normal"><sp/><sp/><sp/><sp/>{</highlight></codeline>
<codeline lineno="122"><highlight class="normal"><sp/><sp/><sp/><sp/><sp/><sp/><sp/><sp/><ref refid="class_date" kindref="compound">Date</ref><sp/>min_date<sp/>=<sp/>current_products_remove[0].get_expirationDate();</highlight></codeline>
<codeline lineno="123"><highlight class="normal"><sp/><sp/><sp/><sp/><sp/><sp/><sp/><sp/></highlight><highlight class="keywordtype">int</highlight><highlight class="normal"><sp/>min_index<sp/>=<sp/>0;</highlight></codeline>
<codeline lineno="124"><highlight class="normal"><sp/><sp/><sp/><sp/><sp/><sp/><sp/><sp/></highlight><highlight class="keywordflow">for</highlight><highlight class="normal"><sp/>(</highlight><highlight class="keywordtype">size_t</highlight><highlight class="normal"><sp/>i<sp/>=<sp/>0;<sp/>i<sp/>&lt;<sp/>current_products_remove.size();<sp/>i++)</highlight></codeline>
<codeline lineno="125"><highlight class="normal"><sp/><sp/><sp/><sp/><sp/><sp/><sp/><sp/>{</highlight></codeline>
<codeline lineno="126"><highlight class="normal"><sp/><sp/><sp/><sp/><sp/><sp/><sp/><sp/><sp/><sp/><sp/><sp/></highlight><highlight class="keywordflow">if</highlight><highlight class="normal"><sp/>(current_products_remove[0].get_expirationDate()<sp/>&lt;<sp/>min_date)</highlight></codeline>
<codeline lineno="127"><highlight class="normal"><sp/><sp/><sp/><sp/><sp/><sp/><sp/><sp/><sp/><sp/><sp/><sp/>{</highlight></codeline>
<codeline lineno="128"><highlight class="normal"><sp/><sp/><sp/><sp/><sp/><sp/><sp/><sp/><sp/><sp/><sp/><sp/><sp/><sp/><sp/><sp/>min_date<sp/>=<sp/>current_products_remove[0].get_expirationDate();</highlight></codeline>
<codeline lineno="129"><highlight class="normal"><sp/><sp/><sp/><sp/><sp/><sp/><sp/><sp/><sp/><sp/><sp/><sp/><sp/><sp/><sp/><sp/>min_index<sp/>=<sp/>i;</highlight></codeline>
<codeline lineno="130"><highlight class="normal"><sp/><sp/><sp/><sp/><sp/><sp/><sp/><sp/><sp/><sp/><sp/><sp/>}</highlight></codeline>
<codeline lineno="131"><highlight class="normal"><sp/><sp/><sp/><sp/><sp/><sp/><sp/><sp/>}</highlight></codeline>
<codeline lineno="132"><highlight class="normal"></highlight></codeline>
<codeline lineno="133"><highlight class="normal"><sp/><sp/><sp/><sp/><sp/><sp/><sp/><sp/>current_products_remove.erase(current_products_remove.begin()<sp/>+<sp/>(min_index<sp/>-<sp/>1));</highlight></codeline>
<codeline lineno="134"><highlight class="normal"><sp/><sp/><sp/><sp/>}</highlight></codeline>
<codeline lineno="135"><highlight class="normal"><sp/><sp/><sp/><sp/></highlight><highlight class="keywordflow">else</highlight><highlight class="normal"><sp/></highlight><highlight class="keywordflow">if</highlight><highlight class="normal"><sp/>(current_products_remove.size()<sp/>==<sp/>0)</highlight></codeline>
<codeline lineno="136"><highlight class="normal"><sp/><sp/><sp/><sp/>{</highlight></codeline>
<codeline lineno="137"><highlight class="normal"><sp/><sp/><sp/><sp/><sp/><sp/><sp/><sp/>std::cout<sp/>&lt;&lt;<sp/></highlight><highlight class="stringliteral">&quot;No<sp/>such<sp/>product!&quot;</highlight><highlight class="normal"><sp/>&lt;&lt;<sp/>std::endl;</highlight></codeline>
<codeline lineno="138"><highlight class="normal"><sp/><sp/><sp/><sp/>}</highlight></codeline>
<codeline lineno="139"><highlight class="normal"><sp/><sp/><sp/><sp/></highlight><highlight class="keywordflow">else</highlight><highlight class="normal"></highlight></codeline>
<codeline lineno="140"><highlight class="normal"><sp/><sp/><sp/><sp/>{</highlight></codeline>
<codeline lineno="141"><highlight class="normal"><sp/><sp/><sp/><sp/><sp/><sp/><sp/><sp/></highlight><highlight class="keywordflow">if</highlight><highlight class="normal"><sp/>(current_products_remove[0].get_quantity()<sp/>&lt;<sp/>quantity)</highlight></codeline>
<codeline lineno="142"><highlight class="normal"><sp/><sp/><sp/><sp/><sp/><sp/><sp/><sp/>{</highlight></codeline>
<codeline lineno="143"><highlight class="normal"><sp/><sp/><sp/><sp/><sp/><sp/><sp/><sp/><sp/><sp/><sp/><sp/>std::cout<sp/>&lt;&lt;<sp/></highlight><highlight class="stringliteral">&quot;Quantity<sp/>exceeds<sp/>stock!&quot;</highlight><highlight class="normal"><sp/>&lt;&lt;<sp/>std::endl;</highlight></codeline>
<codeline lineno="144"><highlight class="normal"><sp/><sp/><sp/><sp/><sp/><sp/><sp/><sp/>}</highlight></codeline>
<codeline lineno="145"><highlight class="normal"><sp/><sp/><sp/><sp/><sp/><sp/><sp/><sp/></highlight><highlight class="keywordflow">else</highlight><highlight class="normal"></highlight></codeline>
<codeline lineno="146"><highlight class="normal"><sp/><sp/><sp/><sp/><sp/><sp/><sp/><sp/>{</highlight></codeline>
<codeline lineno="147"><highlight class="normal"><sp/><sp/><sp/><sp/><sp/><sp/><sp/><sp/><sp/><sp/><sp/><sp/></highlight><highlight class="keywordflow">if</highlight><highlight class="normal"><sp/>(current_products_remove[0].get_quantity()<sp/>==<sp/>quantity)</highlight></codeline>
<codeline lineno="148"><highlight class="normal"><sp/><sp/><sp/><sp/><sp/><sp/><sp/><sp/><sp/><sp/><sp/><sp/>{</highlight></codeline>
<codeline lineno="149"><highlight class="normal"><sp/><sp/><sp/><sp/><sp/><sp/><sp/><sp/><sp/><sp/><sp/><sp/><sp/><sp/><sp/><sp/>current_products_remove.pop_back();</highlight></codeline>
<codeline lineno="150"><highlight class="normal"><sp/><sp/><sp/><sp/><sp/><sp/><sp/><sp/><sp/><sp/><sp/><sp/>}</highlight></codeline>
<codeline lineno="151"><highlight class="normal"><sp/><sp/><sp/><sp/><sp/><sp/><sp/><sp/><sp/><sp/><sp/><sp/></highlight><highlight class="keywordflow">else</highlight><highlight class="normal"><sp/></highlight><highlight class="keywordflow">if</highlight><highlight class="normal"><sp/>(current_products_remove[0].get_quantity()<sp/>&gt;<sp/>quantity)</highlight></codeline>
<codeline lineno="152"><highlight class="normal"><sp/><sp/><sp/><sp/><sp/><sp/><sp/><sp/><sp/><sp/><sp/><sp/>{</highlight></codeline>
<codeline lineno="153"><highlight class="normal"><sp/><sp/><sp/><sp/><sp/><sp/><sp/><sp/><sp/><sp/><sp/><sp/><sp/><sp/><sp/><sp/>current_products_remove[0].set_quantity(current_products_remove[0].get_quantity()<sp/>-<sp/>quantity);</highlight></codeline>
<codeline lineno="154"><highlight class="normal"><sp/><sp/><sp/><sp/><sp/><sp/><sp/><sp/><sp/><sp/><sp/><sp/>}</highlight></codeline>
<codeline lineno="155"><highlight class="normal"><sp/><sp/><sp/><sp/><sp/><sp/><sp/><sp/><sp/><sp/><sp/><sp/></highlight><highlight class="keywordflow">else</highlight><highlight class="normal"></highlight></codeline>
<codeline lineno="156"><highlight class="normal"><sp/><sp/><sp/><sp/><sp/><sp/><sp/><sp/><sp/><sp/><sp/><sp/>{</highlight></codeline>
<codeline lineno="157"><highlight class="normal"><sp/><sp/><sp/><sp/><sp/><sp/><sp/><sp/><sp/><sp/><sp/><sp/><sp/><sp/><sp/><sp/>std::cout<sp/>&lt;&lt;<sp/></highlight><highlight class="stringliteral">&quot;Quantity<sp/>exceeds<sp/>stock!&quot;</highlight><highlight class="normal"><sp/>&lt;&lt;<sp/>std::endl;</highlight></codeline>
<codeline lineno="158"><highlight class="normal"><sp/><sp/><sp/><sp/><sp/><sp/><sp/><sp/><sp/><sp/><sp/><sp/>}</highlight></codeline>
<codeline lineno="159"><highlight class="normal"><sp/><sp/><sp/><sp/><sp/><sp/><sp/><sp/>}</highlight></codeline>
<codeline lineno="160"><highlight class="normal"><sp/><sp/><sp/><sp/>}</highlight></codeline>
<codeline lineno="161"><highlight class="normal"></highlight></codeline>
<codeline lineno="162"><highlight class="normal"><sp/><sp/><sp/><sp/></highlight><highlight class="keywordflow">for</highlight><highlight class="normal"><sp/>(</highlight><highlight class="keywordtype">int</highlight><highlight class="normal"><sp/>i<sp/>=<sp/>0;<sp/>i<sp/>&lt;<sp/>current_products_remove.size();<sp/>i++)</highlight></codeline>
<codeline lineno="163"><highlight class="normal"><sp/><sp/><sp/><sp/>{</highlight></codeline>
<codeline lineno="164"><highlight class="normal"><sp/><sp/><sp/><sp/><sp/><sp/><sp/><sp/>this-&gt;<ref refid="class_storage_1af661b341e3db2afdd857f3395230a49a" kindref="member">add</ref>(current_products_remove[i]);</highlight></codeline>
<codeline lineno="165"><highlight class="normal"><sp/><sp/><sp/><sp/>}</highlight></codeline>
<codeline lineno="166"><highlight class="normal">}</highlight></codeline>
<codeline lineno="168" refid="class_storage_1a2a46b374fc188c585a57a10a6fe1bd4d" refkind="member"><highlight class="keywordtype">void</highlight><highlight class="normal"><sp/><ref refid="class_storage_1a2a46b374fc188c585a57a10a6fe1bd4d" kindref="member">Storage::log</ref>(</highlight><highlight class="keyword">const</highlight><highlight class="normal"><sp/><ref refid="class_date" kindref="compound">Date</ref><sp/>&amp;from,<sp/></highlight><highlight class="keyword">const</highlight><highlight class="normal"><sp/><ref refid="class_date" kindref="compound">Date</ref><sp/>&amp;to)</highlight></codeline>
<codeline lineno="169"><highlight class="normal">{</highlight></codeline>
<codeline lineno="170"><highlight class="normal"><sp/><sp/><sp/><sp/>std::cout<sp/>&lt;&lt;<sp/></highlight><highlight class="stringliteral">&quot;Commands:<sp/>&quot;</highlight><highlight class="normal"><sp/>&lt;&lt;<sp/>std::endl;</highlight></codeline>
<codeline lineno="171"><highlight class="normal"><sp/><sp/><sp/><sp/></highlight><highlight class="keywordflow">for</highlight><highlight class="normal"><sp/>(<ref refid="class_command" kindref="compound">Command</ref><sp/>command<sp/>:<sp/><ref refid="class_storage_1ac70f9c3b5b46699ea541cb3a25693f20" kindref="member">commands</ref>)</highlight></codeline>
<codeline lineno="172"><highlight class="normal"><sp/><sp/><sp/><sp/>{</highlight></codeline>
<codeline lineno="173"><highlight class="normal"><sp/><sp/><sp/><sp/><sp/><sp/><sp/><sp/><ref refid="class_date" kindref="compound">Date</ref><sp/>commandDate<sp/>=<sp/>command.get_date();</highlight></codeline>
<codeline lineno="174"><highlight class="normal"><sp/><sp/><sp/><sp/><sp/><sp/><sp/><sp/></highlight><highlight class="keywordflow">if</highlight><highlight class="normal"><sp/>(commandDate<sp/>&gt;=<sp/>from<sp/>&amp;&amp;<sp/>commandDate<sp/>&lt;=<sp/>to)</highlight></codeline>
<codeline lineno="175"><highlight class="normal"><sp/><sp/><sp/><sp/><sp/><sp/><sp/><sp/>{</highlight></codeline>
<codeline lineno="176"><highlight class="normal"><sp/><sp/><sp/><sp/><sp/><sp/><sp/><sp/><sp/><sp/><sp/><sp/>std::cout<sp/>&lt;&lt;<sp/>command.get_command()<sp/>&lt;&lt;<sp/>std::endl;</highlight></codeline>
<codeline lineno="177"><highlight class="normal"><sp/><sp/><sp/><sp/><sp/><sp/><sp/><sp/>}</highlight></codeline>
<codeline lineno="178"><highlight class="normal"><sp/><sp/><sp/><sp/>}</highlight></codeline>
<codeline lineno="179"><highlight class="normal"><sp/><sp/><sp/><sp/>std::cout<sp/>&lt;&lt;<sp/>std::endl;</highlight></codeline>
<codeline lineno="180"><highlight class="normal">}</highlight></codeline>
<codeline lineno="182" refid="class_storage_1abab522b400d5584c63f22344205f5027" refkind="member"><highlight class="keywordtype">void</highlight><highlight class="normal"><sp/><ref refid="class_storage_1abab522b400d5584c63f22344205f5027" kindref="member">Storage::clean</ref>(</highlight><highlight class="keyword">const</highlight><highlight class="normal"><sp/><ref refid="class_date" kindref="compound">Date</ref><sp/>&amp;date)</highlight></codeline>
<codeline lineno="183"><highlight class="normal">{</highlight></codeline>
<codeline lineno="184"><highlight class="normal"><sp/><sp/><sp/><sp/><ref refid="class_command" kindref="compound">Command</ref><sp/>currentCommand(</highlight><highlight class="stringliteral">&quot;clean&quot;</highlight><highlight class="normal">,<sp/>this-&gt;<ref refid="class_storage_1a8280556e359cbfbf28adb97649816702" kindref="member">get_currentDate</ref>());</highlight></codeline>
<codeline lineno="185"><highlight class="normal"><sp/><sp/><sp/><sp/>this-&gt;<ref refid="class_storage_1ac70f9c3b5b46699ea541cb3a25693f20" kindref="member">commands</ref>.push_back(currentCommand);</highlight></codeline>
<codeline lineno="186"><highlight class="normal"></highlight></codeline>
<codeline lineno="187"><highlight class="normal"><sp/><sp/><sp/><sp/>std::cout<sp/>&lt;&lt;<sp/></highlight><highlight class="stringliteral">&quot;Expired<sp/>products:<sp/>&quot;</highlight><highlight class="normal"><sp/>&lt;&lt;<sp/>std::endl;</highlight></codeline>
<codeline lineno="188"><highlight class="normal"><sp/><sp/><sp/><sp/></highlight><highlight class="keywordflow">for</highlight><highlight class="normal"><sp/>(</highlight><highlight class="keywordtype">size_t</highlight><highlight class="normal"><sp/>i<sp/>=<sp/>0;<sp/>i<sp/>&lt;<sp/>this-&gt;<ref refid="class_storage_1a980c430120597bdbb8ace78ba5330158" kindref="member">places</ref>.size();<sp/>i++)</highlight></codeline>
<codeline lineno="189"><highlight class="normal"><sp/><sp/><sp/><sp/>{</highlight></codeline>
<codeline lineno="190"><highlight class="normal"><sp/><sp/><sp/><sp/><sp/><sp/><sp/><sp/>std::vector&lt;Product&gt;<sp/>current_products<sp/>=<sp/>this-&gt;<ref refid="class_storage_1a980c430120597bdbb8ace78ba5330158" kindref="member">places</ref>[i].get_products();</highlight></codeline>
<codeline lineno="191"><highlight class="normal"><sp/><sp/><sp/><sp/><sp/><sp/><sp/><sp/></highlight><highlight class="keywordflow">for</highlight><highlight class="normal"><sp/>(</highlight><highlight class="keywordtype">size_t</highlight><highlight class="normal"><sp/>j<sp/>=<sp/>0;<sp/>j<sp/>&lt;<sp/>current_products.size();<sp/>j++)</highlight></codeline>
<codeline lineno="192"><highlight class="normal"><sp/><sp/><sp/><sp/><sp/><sp/><sp/><sp/>{</highlight></codeline>
<codeline lineno="193"><highlight class="normal"><sp/><sp/><sp/><sp/><sp/><sp/><sp/><sp/><sp/><sp/><sp/><sp/><ref refid="class_date" kindref="compound">Date</ref><sp/>productExpirationDate<sp/>=<sp/>current_products[j].get_expirationDate();</highlight></codeline>
<codeline lineno="194"><highlight class="normal"><sp/><sp/><sp/><sp/><sp/><sp/><sp/><sp/><sp/><sp/><sp/><sp/></highlight><highlight class="keywordflow">if</highlight><highlight class="normal"><sp/>(productExpirationDate<sp/>&gt;=<sp/>date<sp/>||<sp/>(this-&gt;<ref refid="class_storage_1aa082b9e881a9229ca4f997e359a095c7" kindref="member">daysBetweenTwoDates</ref>(productExpirationDate,<sp/>date)<sp/>&lt;<sp/>3))</highlight></codeline>
<codeline lineno="195"><highlight class="normal"><sp/><sp/><sp/><sp/><sp/><sp/><sp/><sp/><sp/><sp/><sp/><sp/>{</highlight></codeline>
<codeline lineno="196"><highlight class="normal"><sp/><sp/><sp/><sp/><sp/><sp/><sp/><sp/><sp/><sp/><sp/><sp/><sp/><sp/><sp/><sp/>std::cout<sp/>&lt;&lt;<sp/>current_products[j].get_name()<sp/>&lt;&lt;<sp/></highlight><highlight class="stringliteral">&quot;<sp/>has<sp/>expired!&quot;</highlight><highlight class="normal"><sp/>&lt;&lt;<sp/>std::endl;</highlight></codeline>
<codeline lineno="197"><highlight class="normal"><sp/><sp/><sp/><sp/><sp/><sp/><sp/><sp/><sp/><sp/><sp/><sp/><sp/><sp/><sp/><sp/>current_products.erase(current_products.begin()<sp/>+<sp/>j);</highlight></codeline>
<codeline lineno="198"><highlight class="normal"><sp/><sp/><sp/><sp/><sp/><sp/><sp/><sp/><sp/><sp/><sp/><sp/><sp/><sp/><sp/><sp/>this-&gt;<ref refid="class_storage_1a980c430120597bdbb8ace78ba5330158" kindref="member">places</ref>[i].set_products(current_products);</highlight></codeline>
<codeline lineno="199"><highlight class="normal"><sp/><sp/><sp/><sp/><sp/><sp/><sp/><sp/><sp/><sp/><sp/><sp/>}</highlight></codeline>
<codeline lineno="200"><highlight class="normal"><sp/><sp/><sp/><sp/><sp/><sp/><sp/><sp/>}</highlight></codeline>
<codeline lineno="201"><highlight class="normal"><sp/><sp/><sp/><sp/>}</highlight></codeline>
<codeline lineno="202"><highlight class="normal">}</highlight></codeline>
<codeline lineno="203"><highlight class="normal"></highlight></codeline>
<codeline lineno="205" refid="class_storage_1aac507cb42c5556d93e05066b5404e2a3" refkind="member"><highlight class="keywordtype">void</highlight><highlight class="normal"><sp/><ref refid="class_storage_1aac507cb42c5556d93e05066b5404e2a3" kindref="member">Storage::print_on_file</ref>(std::ofstream<sp/>&amp;file)</highlight></codeline>
<codeline lineno="206"><highlight class="normal">{</highlight></codeline>
<codeline lineno="207"><highlight class="normal"><sp/><sp/><sp/><sp/>file<sp/>&lt;&lt;<sp/>this-&gt;<ref refid="class_storage_1ad7902462fa9d7c09c5fd989e302c21d8" kindref="member">volume</ref><sp/>&lt;&lt;<sp/>std::endl;</highlight></codeline>
<codeline lineno="208"><highlight class="normal"><sp/><sp/><sp/><sp/></highlight><highlight class="keywordflow">for</highlight><highlight class="normal"><sp/>(</highlight><highlight class="keywordtype">int</highlight><highlight class="normal"><sp/>i<sp/>=<sp/>0;<sp/>i<sp/>&lt;<sp/>this-&gt;<ref refid="class_storage_1a980c430120597bdbb8ace78ba5330158" kindref="member">places</ref>.size();<sp/>i++)</highlight></codeline>
<codeline lineno="209"><highlight class="normal"><sp/><sp/><sp/><sp/>{</highlight></codeline>
<codeline lineno="210"><highlight class="normal"><sp/><sp/><sp/><sp/><sp/><sp/><sp/><sp/>std::vector&lt;Product&gt;<sp/>current_products<sp/>=<sp/>this-&gt;<ref refid="class_storage_1a980c430120597bdbb8ace78ba5330158" kindref="member">places</ref>[i].get_products();</highlight></codeline>
<codeline lineno="211"><highlight class="normal"><sp/><sp/><sp/><sp/><sp/><sp/><sp/><sp/></highlight><highlight class="keywordflow">for</highlight><highlight class="normal"><sp/>(</highlight><highlight class="keywordtype">int</highlight><highlight class="normal"><sp/>j<sp/>=<sp/>0;<sp/>j<sp/>&lt;<sp/>current_products.size();<sp/>j++)</highlight></codeline>
<codeline lineno="212"><highlight class="normal"><sp/><sp/><sp/><sp/><sp/><sp/><sp/><sp/>{</highlight></codeline>
<codeline lineno="213"><highlight class="normal"><sp/><sp/><sp/><sp/><sp/><sp/><sp/><sp/><sp/><sp/><sp/><sp/>file<sp/>&lt;&lt;<sp/></highlight><highlight class="stringliteral">&quot;Product:<sp/>&quot;</highlight><highlight class="normal"><sp/>&lt;&lt;<sp/>current_products[j].get_name()<sp/>&lt;&lt;<sp/>std::endl;</highlight></codeline>
<codeline lineno="214"><highlight class="normal"><sp/><sp/><sp/><sp/><sp/><sp/><sp/><sp/><sp/><sp/><sp/><sp/>file<sp/>&lt;&lt;<sp/></highlight><highlight class="stringliteral">&quot;Expiration<sp/>date:<sp/>&quot;</highlight><highlight class="normal"><sp/>&lt;&lt;<sp/>current_products[j].get_expirationDate().get_day()</highlight></codeline>
<codeline lineno="215"><highlight class="normal"><sp/><sp/><sp/><sp/><sp/><sp/><sp/><sp/><sp/><sp/><sp/><sp/><sp/><sp/><sp/><sp/>&lt;&lt;<sp/></highlight><highlight class="stringliteral">&quot;/&quot;</highlight><highlight class="normal"><sp/>&lt;&lt;<sp/>current_products[j].get_expirationDate().get_month()</highlight></codeline>
<codeline lineno="216"><highlight class="normal"><sp/><sp/><sp/><sp/><sp/><sp/><sp/><sp/><sp/><sp/><sp/><sp/><sp/><sp/><sp/><sp/>&lt;&lt;<sp/></highlight><highlight class="stringliteral">&quot;/&quot;</highlight><highlight class="normal"><sp/>&lt;&lt;<sp/>current_products[j].get_expirationDate().get_year()<sp/>&lt;&lt;<sp/>std::endl;</highlight></codeline>
<codeline lineno="217"><highlight class="normal"><sp/><sp/><sp/><sp/><sp/><sp/><sp/><sp/><sp/><sp/><sp/><sp/></highlight><highlight class="keywordflow">if</highlight><highlight class="normal"><sp/>(current_products[j].get_unit())</highlight></codeline>
<codeline lineno="218"><highlight class="normal"><sp/><sp/><sp/><sp/><sp/><sp/><sp/><sp/><sp/><sp/><sp/><sp/>{</highlight></codeline>
<codeline lineno="219"><highlight class="normal"><sp/><sp/><sp/><sp/><sp/><sp/><sp/><sp/><sp/><sp/><sp/><sp/><sp/><sp/><sp/><sp/>file<sp/>&lt;&lt;<sp/></highlight><highlight class="stringliteral">&quot;Unit:<sp/>kilograms&quot;</highlight><highlight class="normal"><sp/>&lt;&lt;<sp/>std::endl;</highlight></codeline>
<codeline lineno="220"><highlight class="normal"><sp/><sp/><sp/><sp/><sp/><sp/><sp/><sp/><sp/><sp/><sp/><sp/>}</highlight></codeline>
<codeline lineno="221"><highlight class="normal"><sp/><sp/><sp/><sp/><sp/><sp/><sp/><sp/><sp/><sp/><sp/><sp/></highlight><highlight class="keywordflow">else</highlight><highlight class="normal"></highlight></codeline>
<codeline lineno="222"><highlight class="normal"><sp/><sp/><sp/><sp/><sp/><sp/><sp/><sp/><sp/><sp/><sp/><sp/>{</highlight></codeline>
<codeline lineno="223"><highlight class="normal"><sp/><sp/><sp/><sp/><sp/><sp/><sp/><sp/><sp/><sp/><sp/><sp/><sp/><sp/><sp/><sp/>file<sp/>&lt;&lt;<sp/></highlight><highlight class="stringliteral">&quot;Unit:<sp/>liters&quot;</highlight><highlight class="normal"><sp/>&lt;&lt;<sp/>std::endl;</highlight></codeline>
<codeline lineno="224"><highlight class="normal"><sp/><sp/><sp/><sp/><sp/><sp/><sp/><sp/><sp/><sp/><sp/><sp/>}</highlight></codeline>
<codeline lineno="225"><highlight class="normal"><sp/><sp/><sp/><sp/><sp/><sp/><sp/><sp/><sp/><sp/><sp/><sp/>file<sp/>&lt;&lt;<sp/></highlight><highlight class="stringliteral">&quot;Qantity:<sp/>&quot;</highlight><highlight class="normal"><sp/>&lt;&lt;<sp/>current_products[j].get_quantity()<sp/>&lt;&lt;<sp/>std::endl;</highlight></codeline>
<codeline lineno="226"><highlight class="normal"><sp/><sp/><sp/><sp/><sp/><sp/><sp/><sp/><sp/><sp/><sp/><sp/>file<sp/>&lt;&lt;<sp/></highlight><highlight class="stringliteral">&quot;Note:<sp/>&quot;</highlight><highlight class="normal"><sp/>&lt;&lt;<sp/>current_products[j].get_note()<sp/>&lt;&lt;<sp/>std::endl;</highlight></codeline>
<codeline lineno="227"><highlight class="normal"><sp/><sp/><sp/><sp/><sp/><sp/><sp/><sp/><sp/><sp/><sp/><sp/>file<sp/>&lt;&lt;<sp/>std::endl;</highlight></codeline>
<codeline lineno="228"><highlight class="normal"><sp/><sp/><sp/><sp/><sp/><sp/><sp/><sp/>}</highlight></codeline>
<codeline lineno="229"><highlight class="normal"><sp/><sp/><sp/><sp/>}</highlight></codeline>
<codeline lineno="230"><highlight class="normal"></highlight></codeline>
<codeline lineno="231"><highlight class="normal">}</highlight></codeline>
    </programlisting>
    <location file="D:/SU_2019_2020/OOP_2020/projects/project_02/Storage/project_2_Storage/project_2_Storage/Storage.cpp"/>
  </compounddef>
</doxygen>
