<?xml version='1.0' encoding='UTF-8' standalone='no'?>
<doxygen xmlns:xsi="http://www.w3.org/2001/XMLSchema-instance" xsi:noNamespaceSchemaLocation="compound.xsd" version="1.8.18">
  <compounddef id="class_product" kind="class" language="C++" prot="public">
    <compoundname>Product</compoundname>
    <includes refid="_product_8h" local="no">Product.h</includes>
      <sectiondef kind="private-attrib">
      <memberdef kind="variable" id="class_product_1a2ff85a008d3fa1a87e3da86467ed6a31" prot="private" static="no" mutable="no">
        <type><ref refid="class_date" kindref="compound">Date</ref></type>
        <definition>Date Product::expirationDate</definition>
        <argsstring></argsstring>
        <name>expirationDate</name>
        <briefdescription>
        </briefdescription>
        <detaileddescription>
        </detaileddescription>
        <inbodydescription>
        </inbodydescription>
        <location file="D:/SU_2019_2020/OOP_2020/projects/project_02/Storage/project_2_Storage/project_2_Storage/Product.h" line="11" column="6" bodyfile="D:/SU_2019_2020/OOP_2020/projects/project_02/Storage/project_2_Storage/project_2_Storage/Product.h" bodystart="11" bodyend="-1"/>
      </memberdef>
      <memberdef kind="variable" id="class_product_1a9703c835bc2f66c0101755e0aed24468" prot="private" static="no" mutable="no">
        <type><ref refid="class_date" kindref="compound">Date</ref></type>
        <definition>Date Product::goesInStorage</definition>
        <argsstring></argsstring>
        <name>goesInStorage</name>
        <briefdescription>
        </briefdescription>
        <detaileddescription>
        </detaileddescription>
        <inbodydescription>
        </inbodydescription>
        <location file="D:/SU_2019_2020/OOP_2020/projects/project_02/Storage/project_2_Storage/project_2_Storage/Product.h" line="12" column="6" bodyfile="D:/SU_2019_2020/OOP_2020/projects/project_02/Storage/project_2_Storage/project_2_Storage/Product.h" bodystart="12" bodyend="-1"/>
      </memberdef>
      <memberdef kind="variable" id="class_product_1af3d21858bb34986f54309b877678daa8" prot="private" static="no" mutable="no">
        <type>std::string</type>
        <definition>std::string Product::manufacturer</definition>
        <argsstring></argsstring>
        <name>manufacturer</name>
        <briefdescription>
        </briefdescription>
        <detaileddescription>
        </detaileddescription>
        <inbodydescription>
        </inbodydescription>
        <location file="D:/SU_2019_2020/OOP_2020/projects/project_02/Storage/project_2_Storage/project_2_Storage/Product.h" line="13" column="13" bodyfile="D:/SU_2019_2020/OOP_2020/projects/project_02/Storage/project_2_Storage/project_2_Storage/Product.h" bodystart="13" bodyend="-1"/>
      </memberdef>
      <memberdef kind="variable" id="class_product_1a6f88e6ff8cb26b1cce49a41e72e4fcb8" prot="private" static="no" mutable="no">
        <type>std::string</type>
        <definition>std::string Product::name</definition>
        <argsstring></argsstring>
        <name>name</name>
        <briefdescription>
        </briefdescription>
        <detaileddescription>
        </detaileddescription>
        <inbodydescription>
        </inbodydescription>
        <location file="D:/SU_2019_2020/OOP_2020/projects/project_02/Storage/project_2_Storage/project_2_Storage/Product.h" line="10" column="13" bodyfile="D:/SU_2019_2020/OOP_2020/projects/project_02/Storage/project_2_Storage/project_2_Storage/Product.h" bodystart="10" bodyend="-1"/>
      </memberdef>
      <memberdef kind="variable" id="class_product_1a167e001e3a14c62fa7368b93f9b147dd" prot="private" static="no" mutable="no">
        <type>std::string</type>
        <definition>std::string Product::note</definition>
        <argsstring></argsstring>
        <name>note</name>
        <briefdescription>
        </briefdescription>
        <detaileddescription>
        </detaileddescription>
        <inbodydescription>
        </inbodydescription>
        <location file="D:/SU_2019_2020/OOP_2020/projects/project_02/Storage/project_2_Storage/project_2_Storage/Product.h" line="16" column="13" bodyfile="D:/SU_2019_2020/OOP_2020/projects/project_02/Storage/project_2_Storage/project_2_Storage/Product.h" bodystart="16" bodyend="-1"/>
      </memberdef>
      <memberdef kind="variable" id="class_product_1a299430b8756aba9f6d44af46831791cc" prot="private" static="no" mutable="no">
        <type>int</type>
        <definition>int Product::quantity</definition>
        <argsstring></argsstring>
        <name>quantity</name>
        <briefdescription>
        </briefdescription>
        <detaileddescription>
        </detaileddescription>
        <inbodydescription>
        </inbodydescription>
        <location file="D:/SU_2019_2020/OOP_2020/projects/project_02/Storage/project_2_Storage/project_2_Storage/Product.h" line="17" column="5" bodyfile="D:/SU_2019_2020/OOP_2020/projects/project_02/Storage/project_2_Storage/project_2_Storage/Product.h" bodystart="17" bodyend="-1"/>
      </memberdef>
      <memberdef kind="variable" id="class_product_1a6b5470d913ca0ac1756d79756b858c4c" prot="private" static="no" mutable="no">
        <type>bool</type>
        <definition>bool Product::unit</definition>
        <argsstring></argsstring>
        <name>unit</name>
        <briefdescription>
        </briefdescription>
        <detaileddescription>
        </detaileddescription>
        <inbodydescription>
        </inbodydescription>
        <location file="D:/SU_2019_2020/OOP_2020/projects/project_02/Storage/project_2_Storage/project_2_Storage/Product.h" line="14" column="6" bodyfile="D:/SU_2019_2020/OOP_2020/projects/project_02/Storage/project_2_Storage/project_2_Storage/Product.h" bodystart="14" bodyend="-1"/>
      </memberdef>
      <memberdef kind="variable" id="class_product_1afa8c9c45dada6dd87d6ccd200d1d92b9" prot="private" static="no" mutable="no">
        <type>int</type>
        <definition>int Product::volume</definition>
        <argsstring></argsstring>
        <name>volume</name>
        <briefdescription>
        </briefdescription>
        <detaileddescription>
        </detaileddescription>
        <inbodydescription>
        </inbodydescription>
        <location file="D:/SU_2019_2020/OOP_2020/projects/project_02/Storage/project_2_Storage/project_2_Storage/Product.h" line="15" column="5" bodyfile="D:/SU_2019_2020/OOP_2020/projects/project_02/Storage/project_2_Storage/project_2_Storage/Product.h" bodystart="15" bodyend="-1"/>
      </memberdef>
      </sectiondef>
      <sectiondef kind="public-func">
      <memberdef kind="function" id="class_product_1a3a2d8273a71d12ef45b41153e56fabcd" prot="public" static="no" const="yes" explicit="no" inline="no" virt="non-virtual">
        <type><ref refid="class_date" kindref="compound">Date</ref></type>
        <definition>Date Product::get_expirationDate</definition>
        <argsstring>() const</argsstring>
        <name>get_expirationDate</name>
        <briefdescription>
        </briefdescription>
        <detaileddescription>
        </detaileddescription>
        <inbodydescription>
        </inbodydescription>
        <location file="D:/SU_2019_2020/OOP_2020/projects/project_02/Storage/project_2_Storage/project_2_Storage/Product.h" line="25" column="6" bodyfile="D:/SU_2019_2020/OOP_2020/projects/project_02/Storage/project_2_Storage/project_2_Storage/Product.cpp" bodystart="35" bodyend="38"/>
        <references refid="class_product_1a2ff85a008d3fa1a87e3da86467ed6a31" compoundref="_product_8h" startline="11">expirationDate</references>
      </memberdef>
      <memberdef kind="function" id="class_product_1a6d4adb3d6cecf65316bdeb886e2bc427" prot="public" static="no" const="yes" explicit="no" inline="no" virt="non-virtual">
        <type><ref refid="class_date" kindref="compound">Date</ref></type>
        <definition>Date Product::get_goesInStorage</definition>
        <argsstring>() const</argsstring>
        <name>get_goesInStorage</name>
        <briefdescription>
        </briefdescription>
        <detaileddescription>
        </detaileddescription>
        <inbodydescription>
        </inbodydescription>
        <location file="D:/SU_2019_2020/OOP_2020/projects/project_02/Storage/project_2_Storage/project_2_Storage/Product.h" line="26" column="6" bodyfile="D:/SU_2019_2020/OOP_2020/projects/project_02/Storage/project_2_Storage/project_2_Storage/Product.cpp" bodystart="39" bodyend="42"/>
        <references refid="class_product_1a9703c835bc2f66c0101755e0aed24468" compoundref="_product_8h" startline="12">goesInStorage</references>
      </memberdef>
      <memberdef kind="function" id="class_product_1ac9d05228c2ec92dd1bc1762ce8acfa57" prot="public" static="no" const="yes" explicit="no" inline="no" virt="non-virtual">
        <type>std::string</type>
        <definition>std::string Product::get_manufacturer</definition>
        <argsstring>() const</argsstring>
        <name>get_manufacturer</name>
        <briefdescription>
        </briefdescription>
        <detaileddescription>
        </detaileddescription>
        <inbodydescription>
        </inbodydescription>
        <location file="D:/SU_2019_2020/OOP_2020/projects/project_02/Storage/project_2_Storage/project_2_Storage/Product.h" line="27" column="13" bodyfile="D:/SU_2019_2020/OOP_2020/projects/project_02/Storage/project_2_Storage/project_2_Storage/Product.cpp" bodystart="43" bodyend="46"/>
        <references refid="class_product_1af3d21858bb34986f54309b877678daa8" compoundref="_product_8h" startline="13">manufacturer</references>
      </memberdef>
      <memberdef kind="function" id="class_product_1a1f0ec3112ddc76f10ce4a6f87fc3a40a" prot="public" static="no" const="yes" explicit="no" inline="no" virt="non-virtual">
        <type>std::string</type>
        <definition>std::string Product::get_name</definition>
        <argsstring>() const</argsstring>
        <name>get_name</name>
        <briefdescription>
        </briefdescription>
        <detaileddescription>
        </detaileddescription>
        <inbodydescription>
        </inbodydescription>
        <location file="D:/SU_2019_2020/OOP_2020/projects/project_02/Storage/project_2_Storage/project_2_Storage/Product.h" line="24" column="13" bodyfile="D:/SU_2019_2020/OOP_2020/projects/project_02/Storage/project_2_Storage/project_2_Storage/Product.cpp" bodystart="31" bodyend="34"/>
        <references refid="class_product_1a6f88e6ff8cb26b1cce49a41e72e4fcb8" compoundref="_product_8h" startline="10">name</references>
      </memberdef>
      <memberdef kind="function" id="class_product_1a1e8bbe4cd01bbbf9b1db683acd7905ee" prot="public" static="no" const="yes" explicit="no" inline="no" virt="non-virtual">
        <type>std::string</type>
        <definition>std::string Product::get_note</definition>
        <argsstring>() const</argsstring>
        <name>get_note</name>
        <briefdescription>
        </briefdescription>
        <detaileddescription>
        </detaileddescription>
        <inbodydescription>
        </inbodydescription>
        <location file="D:/SU_2019_2020/OOP_2020/projects/project_02/Storage/project_2_Storage/project_2_Storage/Product.h" line="30" column="13" bodyfile="D:/SU_2019_2020/OOP_2020/projects/project_02/Storage/project_2_Storage/project_2_Storage/Product.cpp" bodystart="55" bodyend="58"/>
        <references refid="class_product_1a167e001e3a14c62fa7368b93f9b147dd" compoundref="_product_8h" startline="16">note</references>
      </memberdef>
      <memberdef kind="function" id="class_product_1a92caa608f81ad35b516cef84720ac9f9" prot="public" static="no" const="yes" explicit="no" inline="no" virt="non-virtual">
        <type>int</type>
        <definition>int Product::get_quantity</definition>
        <argsstring>() const</argsstring>
        <name>get_quantity</name>
        <briefdescription>
        </briefdescription>
        <detaileddescription>
        </detaileddescription>
        <inbodydescription>
        </inbodydescription>
        <location file="D:/SU_2019_2020/OOP_2020/projects/project_02/Storage/project_2_Storage/project_2_Storage/Product.h" line="31" column="5" bodyfile="D:/SU_2019_2020/OOP_2020/projects/project_02/Storage/project_2_Storage/project_2_Storage/Product.cpp" bodystart="59" bodyend="62"/>
        <references refid="class_product_1a299430b8756aba9f6d44af46831791cc" compoundref="_product_8h" startline="17">quantity</references>
      </memberdef>
      <memberdef kind="function" id="class_product_1a9fb52bb765e7da08d68226f3a243e17a" prot="public" static="no" const="yes" explicit="no" inline="no" virt="non-virtual">
        <type>bool</type>
        <definition>bool Product::get_unit</definition>
        <argsstring>() const</argsstring>
        <name>get_unit</name>
        <briefdescription>
        </briefdescription>
        <detaileddescription>
        </detaileddescription>
        <inbodydescription>
        </inbodydescription>
        <location file="D:/SU_2019_2020/OOP_2020/projects/project_02/Storage/project_2_Storage/project_2_Storage/Product.h" line="28" column="6" bodyfile="D:/SU_2019_2020/OOP_2020/projects/project_02/Storage/project_2_Storage/project_2_Storage/Product.cpp" bodystart="47" bodyend="50"/>
        <references refid="class_product_1a6b5470d913ca0ac1756d79756b858c4c" compoundref="_product_8h" startline="14">unit</references>
      </memberdef>
      <memberdef kind="function" id="class_product_1ac7a1df307388614b6dd5d1eaed5530b9" prot="public" static="no" const="yes" explicit="no" inline="no" virt="non-virtual">
        <type>int</type>
        <definition>int Product::get_volume</definition>
        <argsstring>() const</argsstring>
        <name>get_volume</name>
        <briefdescription>
        </briefdescription>
        <detaileddescription>
        </detaileddescription>
        <inbodydescription>
        </inbodydescription>
        <location file="D:/SU_2019_2020/OOP_2020/projects/project_02/Storage/project_2_Storage/project_2_Storage/Product.h" line="29" column="5" bodyfile="D:/SU_2019_2020/OOP_2020/projects/project_02/Storage/project_2_Storage/project_2_Storage/Product.cpp" bodystart="51" bodyend="54"/>
        <references refid="class_product_1afa8c9c45dada6dd87d6ccd200d1d92b9" compoundref="_product_8h" startline="15">volume</references>
      </memberdef>
      <memberdef kind="function" id="class_product_1ab1ec9d63a5fe9bd3c4a478668a42988f" prot="public" static="no" const="no" explicit="no" inline="no" virt="non-virtual">
        <type>void</type>
        <definition>void Product::increaseQuantity</definition>
        <argsstring>(int otherQuantity)</argsstring>
        <name>increaseQuantity</name>
        <param>
          <type>int</type>
          <declname>otherQuantity</declname>
        </param>
        <briefdescription>
<para>increases quantity on the product </para>
        </briefdescription>
        <detaileddescription>
        </detaileddescription>
        <inbodydescription>
        </inbodydescription>
        <location file="D:/SU_2019_2020/OOP_2020/projects/project_02/Storage/project_2_Storage/project_2_Storage/Product.h" line="42" column="6" bodyfile="D:/SU_2019_2020/OOP_2020/projects/project_02/Storage/project_2_Storage/project_2_Storage/Product.cpp" bodystart="98" bodyend="101"/>
        <references refid="class_product_1a299430b8756aba9f6d44af46831791cc" compoundref="_product_8h" startline="17">quantity</references>
      </memberdef>
      <memberdef kind="function" id="class_product_1a847c1d85e67ce387166a597579a55135" prot="public" static="no" const="no" explicit="no" inline="no" virt="non-virtual">
        <type></type>
        <definition>Product::Product</definition>
        <argsstring>()</argsstring>
        <name>Product</name>
        <briefdescription>
        </briefdescription>
        <detaileddescription>
        </detaileddescription>
        <inbodydescription>
        </inbodydescription>
        <location file="D:/SU_2019_2020/OOP_2020/projects/project_02/Storage/project_2_Storage/project_2_Storage/Product.h" line="19" column="1" bodyfile="D:/SU_2019_2020/OOP_2020/projects/project_02/Storage/project_2_Storage/project_2_Storage/Product.cpp" bodystart="5" bodyend="16"/>
        <references refid="class_product_1a2ff85a008d3fa1a87e3da86467ed6a31" compoundref="_product_8h" startline="11">expirationDate</references>
        <references refid="class_product_1a9703c835bc2f66c0101755e0aed24468" compoundref="_product_8h" startline="12">goesInStorage</references>
        <references refid="class_product_1af3d21858bb34986f54309b877678daa8" compoundref="_product_8h" startline="13">manufacturer</references>
        <references refid="class_product_1a6f88e6ff8cb26b1cce49a41e72e4fcb8" compoundref="_product_8h" startline="10">name</references>
        <references refid="class_product_1a167e001e3a14c62fa7368b93f9b147dd" compoundref="_product_8h" startline="16">note</references>
        <references refid="class_product_1a6b5470d913ca0ac1756d79756b858c4c" compoundref="_product_8h" startline="14">unit</references>
        <references refid="class_product_1afa8c9c45dada6dd87d6ccd200d1d92b9" compoundref="_product_8h" startline="15">volume</references>
      </memberdef>
      <memberdef kind="function" id="class_product_1a699bca28167d8fe305b6669f5478ee23" prot="public" static="no" const="no" explicit="no" inline="no" virt="non-virtual">
        <type></type>
        <definition>Product::Product</definition>
        <argsstring>(const std::string name, const Date expirationDate, const Date goesInStorage, const std::string manufacturer, bool unit, int volume, const std::string note, int quantity)</argsstring>
        <name>Product</name>
        <param>
          <type>const std::string</type>
          <declname>name</declname>
        </param>
        <param>
          <type>const <ref refid="class_date" kindref="compound">Date</ref></type>
          <declname>expirationDate</declname>
        </param>
        <param>
          <type>const <ref refid="class_date" kindref="compound">Date</ref></type>
          <declname>goesInStorage</declname>
        </param>
        <param>
          <type>const std::string</type>
          <declname>manufacturer</declname>
        </param>
        <param>
          <type>bool</type>
          <declname>unit</declname>
        </param>
        <param>
          <type>int</type>
          <declname>volume</declname>
        </param>
        <param>
          <type>const std::string</type>
          <declname>note</declname>
        </param>
        <param>
          <type>int</type>
          <declname>quantity</declname>
        </param>
        <briefdescription>
        </briefdescription>
        <detaileddescription>
        </detaileddescription>
        <inbodydescription>
        </inbodydescription>
        <location file="D:/SU_2019_2020/OOP_2020/projects/project_02/Storage/project_2_Storage/project_2_Storage/Product.h" line="20" column="1" bodyfile="D:/SU_2019_2020/OOP_2020/projects/project_02/Storage/project_2_Storage/project_2_Storage/Product.cpp" bodystart="17" bodyend="29"/>
        <references refid="class_product_1a2ff85a008d3fa1a87e3da86467ed6a31" compoundref="_product_8h" startline="11">expirationDate</references>
        <references refid="class_product_1a9703c835bc2f66c0101755e0aed24468" compoundref="_product_8h" startline="12">goesInStorage</references>
        <references refid="class_product_1af3d21858bb34986f54309b877678daa8" compoundref="_product_8h" startline="13">manufacturer</references>
        <references refid="class_product_1a6f88e6ff8cb26b1cce49a41e72e4fcb8" compoundref="_product_8h" startline="10">name</references>
        <references refid="class_product_1a167e001e3a14c62fa7368b93f9b147dd" compoundref="_product_8h" startline="16">note</references>
        <references refid="class_product_1a299430b8756aba9f6d44af46831791cc" compoundref="_product_8h" startline="17">quantity</references>
        <references refid="class_product_1a6b5470d913ca0ac1756d79756b858c4c" compoundref="_product_8h" startline="14">unit</references>
        <references refid="class_product_1afa8c9c45dada6dd87d6ccd200d1d92b9" compoundref="_product_8h" startline="15">volume</references>
      </memberdef>
      <memberdef kind="function" id="class_product_1a55d41ac4601dcd03c37a785e49406ed0" prot="public" static="no" const="no" explicit="no" inline="no" virt="non-virtual">
        <type>void</type>
        <definition>void Product::set_expirationDate</definition>
        <argsstring>(const Date expirationDate)</argsstring>
        <name>set_expirationDate</name>
        <param>
          <type>const <ref refid="class_date" kindref="compound">Date</ref></type>
          <declname>expirationDate</declname>
        </param>
        <briefdescription>
        </briefdescription>
        <detaileddescription>
        </detaileddescription>
        <inbodydescription>
        </inbodydescription>
        <location file="D:/SU_2019_2020/OOP_2020/projects/project_02/Storage/project_2_Storage/project_2_Storage/Product.h" line="34" column="6" bodyfile="D:/SU_2019_2020/OOP_2020/projects/project_02/Storage/project_2_Storage/project_2_Storage/Product.cpp" bodystart="68" bodyend="71"/>
        <references refid="class_product_1a2ff85a008d3fa1a87e3da86467ed6a31" compoundref="_product_8h" startline="11">expirationDate</references>
      </memberdef>
      <memberdef kind="function" id="class_product_1a9c4b8c10481bf0f5e7dcba1de3c6c346" prot="public" static="no" const="no" explicit="no" inline="no" virt="non-virtual">
        <type>void</type>
        <definition>void Product::set_goesInStorage</definition>
        <argsstring>(const Date goesInStorage)</argsstring>
        <name>set_goesInStorage</name>
        <param>
          <type>const <ref refid="class_date" kindref="compound">Date</ref></type>
          <declname>goesInStorage</declname>
        </param>
        <briefdescription>
        </briefdescription>
        <detaileddescription>
        </detaileddescription>
        <inbodydescription>
        </inbodydescription>
        <location file="D:/SU_2019_2020/OOP_2020/projects/project_02/Storage/project_2_Storage/project_2_Storage/Product.h" line="35" column="6" bodyfile="D:/SU_2019_2020/OOP_2020/projects/project_02/Storage/project_2_Storage/project_2_Storage/Product.cpp" bodystart="72" bodyend="75"/>
        <references refid="class_product_1a9703c835bc2f66c0101755e0aed24468" compoundref="_product_8h" startline="12">goesInStorage</references>
      </memberdef>
      <memberdef kind="function" id="class_product_1a6d351da3aa23dea01070dc02f3bf34a7" prot="public" static="no" const="no" explicit="no" inline="no" virt="non-virtual">
        <type>void</type>
        <definition>void Product::set_manufacurer</definition>
        <argsstring>(const std::string manufactorer)</argsstring>
        <name>set_manufacurer</name>
        <param>
          <type>const std::string</type>
          <declname>manufactorer</declname>
        </param>
        <briefdescription>
        </briefdescription>
        <detaileddescription>
        </detaileddescription>
        <inbodydescription>
        </inbodydescription>
        <location file="D:/SU_2019_2020/OOP_2020/projects/project_02/Storage/project_2_Storage/project_2_Storage/Product.h" line="36" column="6" bodyfile="D:/SU_2019_2020/OOP_2020/projects/project_02/Storage/project_2_Storage/project_2_Storage/Product.cpp" bodystart="76" bodyend="79"/>
        <references refid="class_product_1af3d21858bb34986f54309b877678daa8" compoundref="_product_8h" startline="13">manufacturer</references>
      </memberdef>
      <memberdef kind="function" id="class_product_1a8301fe32e7b93bd8fe343d30f19930ae" prot="public" static="no" const="no" explicit="no" inline="no" virt="non-virtual">
        <type>void</type>
        <definition>void Product::set_name</definition>
        <argsstring>(const std::string name)</argsstring>
        <name>set_name</name>
        <param>
          <type>const std::string</type>
          <declname>name</declname>
        </param>
        <briefdescription>
        </briefdescription>
        <detaileddescription>
        </detaileddescription>
        <inbodydescription>
        </inbodydescription>
        <location file="D:/SU_2019_2020/OOP_2020/projects/project_02/Storage/project_2_Storage/project_2_Storage/Product.h" line="33" column="6" bodyfile="D:/SU_2019_2020/OOP_2020/projects/project_02/Storage/project_2_Storage/project_2_Storage/Product.cpp" bodystart="64" bodyend="67"/>
        <references refid="class_product_1a6f88e6ff8cb26b1cce49a41e72e4fcb8" compoundref="_product_8h" startline="10">name</references>
      </memberdef>
      <memberdef kind="function" id="class_product_1a3bb1464d62fcd8dea475ddbfe5d72f97" prot="public" static="no" const="no" explicit="no" inline="no" virt="non-virtual">
        <type>void</type>
        <definition>void Product::set_note</definition>
        <argsstring>(const std::string note)</argsstring>
        <name>set_note</name>
        <param>
          <type>const std::string</type>
          <declname>note</declname>
        </param>
        <briefdescription>
        </briefdescription>
        <detaileddescription>
        </detaileddescription>
        <inbodydescription>
        </inbodydescription>
        <location file="D:/SU_2019_2020/OOP_2020/projects/project_02/Storage/project_2_Storage/project_2_Storage/Product.h" line="39" column="6" bodyfile="D:/SU_2019_2020/OOP_2020/projects/project_02/Storage/project_2_Storage/project_2_Storage/Product.cpp" bodystart="88" bodyend="91"/>
        <references refid="class_product_1a167e001e3a14c62fa7368b93f9b147dd" compoundref="_product_8h" startline="16">note</references>
      </memberdef>
      <memberdef kind="function" id="class_product_1a52131706c7e1e50cf3609648f8761969" prot="public" static="no" const="no" explicit="no" inline="no" virt="non-virtual">
        <type>void</type>
        <definition>void Product::set_quantity</definition>
        <argsstring>(int quantity)</argsstring>
        <name>set_quantity</name>
        <param>
          <type>int</type>
          <declname>quantity</declname>
        </param>
        <briefdescription>
        </briefdescription>
        <detaileddescription>
        </detaileddescription>
        <inbodydescription>
        </inbodydescription>
        <location file="D:/SU_2019_2020/OOP_2020/projects/project_02/Storage/project_2_Storage/project_2_Storage/Product.h" line="40" column="6" bodyfile="D:/SU_2019_2020/OOP_2020/projects/project_02/Storage/project_2_Storage/project_2_Storage/Product.cpp" bodystart="92" bodyend="95"/>
        <references refid="class_product_1a299430b8756aba9f6d44af46831791cc" compoundref="_product_8h" startline="17">quantity</references>
      </memberdef>
      <memberdef kind="function" id="class_product_1ab79a6ae7127a580f14e2d60ac79e8817" prot="public" static="no" const="no" explicit="no" inline="no" virt="non-virtual">
        <type>void</type>
        <definition>void Product::set_unit</definition>
        <argsstring>(bool unit)</argsstring>
        <name>set_unit</name>
        <param>
          <type>bool</type>
          <declname>unit</declname>
        </param>
        <briefdescription>
        </briefdescription>
        <detaileddescription>
        </detaileddescription>
        <inbodydescription>
        </inbodydescription>
        <location file="D:/SU_2019_2020/OOP_2020/projects/project_02/Storage/project_2_Storage/project_2_Storage/Product.h" line="37" column="6" bodyfile="D:/SU_2019_2020/OOP_2020/projects/project_02/Storage/project_2_Storage/project_2_Storage/Product.cpp" bodystart="80" bodyend="83"/>
        <references refid="class_product_1a6b5470d913ca0ac1756d79756b858c4c" compoundref="_product_8h" startline="14">unit</references>
      </memberdef>
      <memberdef kind="function" id="class_product_1aa83c84b876af3d1017045ca4e7322f2e" prot="public" static="no" const="no" explicit="no" inline="no" virt="non-virtual">
        <type>void</type>
        <definition>void Product::set_volume</definition>
        <argsstring>(int volume)</argsstring>
        <name>set_volume</name>
        <param>
          <type>int</type>
          <declname>volume</declname>
        </param>
        <briefdescription>
        </briefdescription>
        <detaileddescription>
        </detaileddescription>
        <inbodydescription>
        </inbodydescription>
        <location file="D:/SU_2019_2020/OOP_2020/projects/project_02/Storage/project_2_Storage/project_2_Storage/Product.h" line="38" column="6" bodyfile="D:/SU_2019_2020/OOP_2020/projects/project_02/Storage/project_2_Storage/project_2_Storage/Product.cpp" bodystart="84" bodyend="87"/>
        <references refid="class_product_1afa8c9c45dada6dd87d6ccd200d1d92b9" compoundref="_product_8h" startline="15">volume</references>
      </memberdef>
      </sectiondef>
    <briefdescription>
<para>Class which defines a <ref refid="class_product" kindref="compound">Product</ref>. </para>
    </briefdescription>
    <detaileddescription>
    </detaileddescription>
    <collaborationgraph>
      <node id="1">
        <label>Product</label>
        <link refid="class_product"/>
        <childnode refid="2" relation="usage">
          <edgelabel>goesInStorage</edgelabel>
          <edgelabel>expirationDate</edgelabel>
        </childnode>
      </node>
      <node id="2">
        <label>Date</label>
        <link refid="class_date"/>
      </node>
    </collaborationgraph>
    <location file="D:/SU_2019_2020/OOP_2020/projects/project_02/Storage/project_2_Storage/project_2_Storage/Product.h" line="7" column="1" bodyfile="D:/SU_2019_2020/OOP_2020/projects/project_02/Storage/project_2_Storage/project_2_Storage/Product.h" bodystart="8" bodyend="43"/>
    <listofallmembers>
      <member refid="class_product_1a2ff85a008d3fa1a87e3da86467ed6a31" prot="private" virt="non-virtual"><scope>Product</scope><name>expirationDate</name></member>
      <member refid="class_product_1a3a2d8273a71d12ef45b41153e56fabcd" prot="public" virt="non-virtual"><scope>Product</scope><name>get_expirationDate</name></member>
      <member refid="class_product_1a6d4adb3d6cecf65316bdeb886e2bc427" prot="public" virt="non-virtual"><scope>Product</scope><name>get_goesInStorage</name></member>
      <member refid="class_product_1ac9d05228c2ec92dd1bc1762ce8acfa57" prot="public" virt="non-virtual"><scope>Product</scope><name>get_manufacturer</name></member>
      <member refid="class_product_1a1f0ec3112ddc76f10ce4a6f87fc3a40a" prot="public" virt="non-virtual"><scope>Product</scope><name>get_name</name></member>
      <member refid="class_product_1a1e8bbe4cd01bbbf9b1db683acd7905ee" prot="public" virt="non-virtual"><scope>Product</scope><name>get_note</name></member>
      <member refid="class_product_1a92caa608f81ad35b516cef84720ac9f9" prot="public" virt="non-virtual"><scope>Product</scope><name>get_quantity</name></member>
      <member refid="class_product_1a9fb52bb765e7da08d68226f3a243e17a" prot="public" virt="non-virtual"><scope>Product</scope><name>get_unit</name></member>
      <member refid="class_product_1ac7a1df307388614b6dd5d1eaed5530b9" prot="public" virt="non-virtual"><scope>Product</scope><name>get_volume</name></member>
      <member refid="class_product_1a9703c835bc2f66c0101755e0aed24468" prot="private" virt="non-virtual"><scope>Product</scope><name>goesInStorage</name></member>
      <member refid="class_product_1ab1ec9d63a5fe9bd3c4a478668a42988f" prot="public" virt="non-virtual"><scope>Product</scope><name>increaseQuantity</name></member>
      <member refid="class_product_1af3d21858bb34986f54309b877678daa8" prot="private" virt="non-virtual"><scope>Product</scope><name>manufacturer</name></member>
      <member refid="class_product_1a6f88e6ff8cb26b1cce49a41e72e4fcb8" prot="private" virt="non-virtual"><scope>Product</scope><name>name</name></member>
      <member refid="class_product_1a167e001e3a14c62fa7368b93f9b147dd" prot="private" virt="non-virtual"><scope>Product</scope><name>note</name></member>
      <member refid="class_product_1a847c1d85e67ce387166a597579a55135" prot="public" virt="non-virtual"><scope>Product</scope><name>Product</name></member>
      <member refid="class_product_1a699bca28167d8fe305b6669f5478ee23" prot="public" virt="non-virtual"><scope>Product</scope><name>Product</name></member>
      <member refid="class_product_1a299430b8756aba9f6d44af46831791cc" prot="private" virt="non-virtual"><scope>Product</scope><name>quantity</name></member>
      <member refid="class_product_1a55d41ac4601dcd03c37a785e49406ed0" prot="public" virt="non-virtual"><scope>Product</scope><name>set_expirationDate</name></member>
      <member refid="class_product_1a9c4b8c10481bf0f5e7dcba1de3c6c346" prot="public" virt="non-virtual"><scope>Product</scope><name>set_goesInStorage</name></member>
      <member refid="class_product_1a6d351da3aa23dea01070dc02f3bf34a7" prot="public" virt="non-virtual"><scope>Product</scope><name>set_manufacurer</name></member>
      <member refid="class_product_1a8301fe32e7b93bd8fe343d30f19930ae" prot="public" virt="non-virtual"><scope>Product</scope><name>set_name</name></member>
      <member refid="class_product_1a3bb1464d62fcd8dea475ddbfe5d72f97" prot="public" virt="non-virtual"><scope>Product</scope><name>set_note</name></member>
      <member refid="class_product_1a52131706c7e1e50cf3609648f8761969" prot="public" virt="non-virtual"><scope>Product</scope><name>set_quantity</name></member>
      <member refid="class_product_1ab79a6ae7127a580f14e2d60ac79e8817" prot="public" virt="non-virtual"><scope>Product</scope><name>set_unit</name></member>
      <member refid="class_product_1aa83c84b876af3d1017045ca4e7322f2e" prot="public" virt="non-virtual"><scope>Product</scope><name>set_volume</name></member>
      <member refid="class_product_1a6b5470d913ca0ac1756d79756b858c4c" prot="private" virt="non-virtual"><scope>Product</scope><name>unit</name></member>
      <member refid="class_product_1afa8c9c45dada6dd87d6ccd200d1d92b9" prot="private" virt="non-virtual"><scope>Product</scope><name>volume</name></member>
    </listofallmembers>
  </compounddef>
</doxygen>
