<?xml version='1.0' encoding='UTF-8' standalone='no'?>
<doxygen xmlns:xsi="http://www.w3.org/2001/XMLSchema-instance" xsi:noNamespaceSchemaLocation="compound.xsd" version="1.8.18">
  <compounddef id="class_command" kind="class" language="C++" prot="public">
    <compoundname>Command</compoundname>
    <includes refid="_command_8h" local="no">Command.h</includes>
      <sectiondef kind="private-attrib">
      <memberdef kind="variable" id="class_command_1a7a6e618851df0485fd4cc264cb222e99" prot="private" static="no" mutable="no">
        <type>std::string</type>
        <definition>std::string Command::command</definition>
        <argsstring></argsstring>
        <name>command</name>
        <briefdescription>
        </briefdescription>
        <detaileddescription>
        </detaileddescription>
        <inbodydescription>
        </inbodydescription>
        <location file="D:/SU_2019_2020/OOP_2020/projects/project_02/Storage/project_2_Storage/project_2_Storage/Command.h" line="10" column="13" bodyfile="D:/SU_2019_2020/OOP_2020/projects/project_02/Storage/project_2_Storage/project_2_Storage/Command.h" bodystart="10" bodyend="-1"/>
      </memberdef>
      <memberdef kind="variable" id="class_command_1a17e3b6a10cc11eb0685fcde511637f0c" prot="private" static="no" mutable="no">
        <type><ref refid="class_date" kindref="compound">Date</ref></type>
        <definition>Date Command::date</definition>
        <argsstring></argsstring>
        <name>date</name>
        <briefdescription>
        </briefdescription>
        <detaileddescription>
        </detaileddescription>
        <inbodydescription>
        </inbodydescription>
        <location file="D:/SU_2019_2020/OOP_2020/projects/project_02/Storage/project_2_Storage/project_2_Storage/Command.h" line="11" column="6" bodyfile="D:/SU_2019_2020/OOP_2020/projects/project_02/Storage/project_2_Storage/project_2_Storage/Command.h" bodystart="11" bodyend="-1"/>
      </memberdef>
      </sectiondef>
      <sectiondef kind="public-func">
      <memberdef kind="function" id="class_command_1a18df2d81039392daeb0b78c346a70537" prot="public" static="no" const="no" explicit="no" inline="no" virt="non-virtual">
        <type></type>
        <definition>Command::Command</definition>
        <argsstring>()</argsstring>
        <name>Command</name>
        <briefdescription>
        </briefdescription>
        <detaileddescription>
        </detaileddescription>
        <inbodydescription>
        </inbodydescription>
        <location file="D:/SU_2019_2020/OOP_2020/projects/project_02/Storage/project_2_Storage/project_2_Storage/Command.h" line="13" column="1" bodyfile="D:/SU_2019_2020/OOP_2020/projects/project_02/Storage/project_2_Storage/project_2_Storage/Command.cpp" bodystart="5" bodyend="10"/>
        <references refid="class_command_1a7a6e618851df0485fd4cc264cb222e99" compoundref="_command_8h" startline="10">command</references>
        <references refid="class_command_1a17e3b6a10cc11eb0685fcde511637f0c" compoundref="_command_8h" startline="11">date</references>
      </memberdef>
      <memberdef kind="function" id="class_command_1a48745ed3b501f2ed0558e2b683e9878f" prot="public" static="no" const="no" explicit="no" inline="no" virt="non-virtual">
        <type></type>
        <definition>Command::Command</definition>
        <argsstring>(const std::string command, const Date date)</argsstring>
        <name>Command</name>
        <param>
          <type>const std::string</type>
          <declname>command</declname>
        </param>
        <param>
          <type>const <ref refid="class_date" kindref="compound">Date</ref></type>
          <declname>date</declname>
        </param>
        <briefdescription>
        </briefdescription>
        <detaileddescription>
        </detaileddescription>
        <inbodydescription>
        </inbodydescription>
        <location file="D:/SU_2019_2020/OOP_2020/projects/project_02/Storage/project_2_Storage/project_2_Storage/Command.h" line="14" column="1" bodyfile="D:/SU_2019_2020/OOP_2020/projects/project_02/Storage/project_2_Storage/project_2_Storage/Command.cpp" bodystart="11" bodyend="15"/>
        <references refid="class_command_1a7a6e618851df0485fd4cc264cb222e99" compoundref="_command_8h" startline="10">command</references>
        <references refid="class_command_1a17e3b6a10cc11eb0685fcde511637f0c" compoundref="_command_8h" startline="11">date</references>
      </memberdef>
      <memberdef kind="function" id="class_command_1a8f6febe357b2cf07a12a23a52472367d" prot="public" static="no" const="yes" explicit="no" inline="no" virt="non-virtual">
        <type>std::string</type>
        <definition>std::string Command::get_command</definition>
        <argsstring>() const</argsstring>
        <name>get_command</name>
        <briefdescription>
        </briefdescription>
        <detaileddescription>
        </detaileddescription>
        <inbodydescription>
        </inbodydescription>
        <location file="D:/SU_2019_2020/OOP_2020/projects/project_02/Storage/project_2_Storage/project_2_Storage/Command.h" line="16" column="13" bodyfile="D:/SU_2019_2020/OOP_2020/projects/project_02/Storage/project_2_Storage/project_2_Storage/Command.cpp" bodystart="17" bodyend="20"/>
        <references refid="class_command_1a7a6e618851df0485fd4cc264cb222e99" compoundref="_command_8h" startline="10">command</references>
      </memberdef>
      <memberdef kind="function" id="class_command_1a18a0dec3800b9e6ae25619068af4bd4f" prot="public" static="no" const="yes" explicit="no" inline="no" virt="non-virtual">
        <type><ref refid="class_date" kindref="compound">Date</ref></type>
        <definition>Date Command::get_date</definition>
        <argsstring>() const</argsstring>
        <name>get_date</name>
        <briefdescription>
        </briefdescription>
        <detaileddescription>
        </detaileddescription>
        <inbodydescription>
        </inbodydescription>
        <location file="D:/SU_2019_2020/OOP_2020/projects/project_02/Storage/project_2_Storage/project_2_Storage/Command.h" line="17" column="6" bodyfile="D:/SU_2019_2020/OOP_2020/projects/project_02/Storage/project_2_Storage/project_2_Storage/Command.cpp" bodystart="21" bodyend="24"/>
        <references refid="class_command_1a17e3b6a10cc11eb0685fcde511637f0c" compoundref="_command_8h" startline="11">date</references>
      </memberdef>
      </sectiondef>
    <briefdescription>
<para>Class which defines a <ref refid="class_command" kindref="compound">Command</ref>. </para>
    </briefdescription>
    <detaileddescription>
    </detaileddescription>
    <collaborationgraph>
      <node id="1">
        <label>Command</label>
        <link refid="class_command"/>
        <childnode refid="2" relation="usage">
          <edgelabel>date</edgelabel>
        </childnode>
      </node>
      <node id="2">
        <label>Date</label>
        <link refid="class_date"/>
      </node>
    </collaborationgraph>
    <location file="D:/SU_2019_2020/OOP_2020/projects/project_02/Storage/project_2_Storage/project_2_Storage/Command.h" line="7" column="1" bodyfile="D:/SU_2019_2020/OOP_2020/projects/project_02/Storage/project_2_Storage/project_2_Storage/Command.h" bodystart="8" bodyend="18"/>
    <listofallmembers>
      <member refid="class_command_1a7a6e618851df0485fd4cc264cb222e99" prot="private" virt="non-virtual"><scope>Command</scope><name>command</name></member>
      <member refid="class_command_1a18df2d81039392daeb0b78c346a70537" prot="public" virt="non-virtual"><scope>Command</scope><name>Command</name></member>
      <member refid="class_command_1a48745ed3b501f2ed0558e2b683e9878f" prot="public" virt="non-virtual"><scope>Command</scope><name>Command</name></member>
      <member refid="class_command_1a17e3b6a10cc11eb0685fcde511637f0c" prot="private" virt="non-virtual"><scope>Command</scope><name>date</name></member>
      <member refid="class_command_1a8f6febe357b2cf07a12a23a52472367d" prot="public" virt="non-virtual"><scope>Command</scope><name>get_command</name></member>
      <member refid="class_command_1a18a0dec3800b9e6ae25619068af4bd4f" prot="public" virt="non-virtual"><scope>Command</scope><name>get_date</name></member>
    </listofallmembers>
  </compounddef>
</doxygen>
