<?xml version='1.0' encoding='UTF-8' standalone='no'?>
<doxygen xmlns:xsi="http://www.w3.org/2001/XMLSchema-instance" xsi:noNamespaceSchemaLocation="compound.xsd" version="1.8.18">
  <compounddef id="class_storage" kind="class" language="C++" prot="public">
    <compoundname>Storage</compoundname>
    <includes refid="_storage_8h" local="no">Storage.h</includes>
      <sectiondef kind="private-attrib">
      <memberdef kind="variable" id="class_storage_1ac70f9c3b5b46699ea541cb3a25693f20" prot="private" static="no" mutable="no">
        <type>std::vector&lt; <ref refid="class_command" kindref="compound">Command</ref> &gt;</type>
        <definition>std::vector&lt;Command&gt; Storage::commands</definition>
        <argsstring></argsstring>
        <name>commands</name>
        <briefdescription>
        </briefdescription>
        <detaileddescription>
        </detaileddescription>
        <inbodydescription>
        </inbodydescription>
        <location file="D:/SU_2019_2020/OOP_2020/projects/project_02/Storage/project_2_Storage/project_2_Storage/Storage.h" line="18" column="13" bodyfile="D:/SU_2019_2020/OOP_2020/projects/project_02/Storage/project_2_Storage/project_2_Storage/Storage.h" bodystart="18" bodyend="-1"/>
      </memberdef>
      <memberdef kind="variable" id="class_storage_1a980c430120597bdbb8ace78ba5330158" prot="private" static="no" mutable="no">
        <type>std::vector&lt; <ref refid="class_place" kindref="compound">Place</ref> &gt;</type>
        <definition>std::vector&lt;Place&gt; Storage::places</definition>
        <argsstring></argsstring>
        <name>places</name>
        <briefdescription>
        </briefdescription>
        <detaileddescription>
        </detaileddescription>
        <inbodydescription>
        </inbodydescription>
        <location file="D:/SU_2019_2020/OOP_2020/projects/project_02/Storage/project_2_Storage/project_2_Storage/Storage.h" line="17" column="13" bodyfile="D:/SU_2019_2020/OOP_2020/projects/project_02/Storage/project_2_Storage/project_2_Storage/Storage.h" bodystart="17" bodyend="-1"/>
      </memberdef>
      <memberdef kind="variable" id="class_storage_1ad7902462fa9d7c09c5fd989e302c21d8" prot="private" static="no" mutable="no">
        <type>int</type>
        <definition>int Storage::volume</definition>
        <argsstring></argsstring>
        <name>volume</name>
        <briefdescription>
        </briefdescription>
        <detaileddescription>
        </detaileddescription>
        <inbodydescription>
        </inbodydescription>
        <location file="D:/SU_2019_2020/OOP_2020/projects/project_02/Storage/project_2_Storage/project_2_Storage/Storage.h" line="16" column="5" bodyfile="D:/SU_2019_2020/OOP_2020/projects/project_02/Storage/project_2_Storage/project_2_Storage/Storage.h" bodystart="16" bodyend="-1"/>
      </memberdef>
      </sectiondef>
      <sectiondef kind="private-func">
      <memberdef kind="function" id="class_storage_1ae2a8163311a2ad8c732abc2fdfa8133a" prot="private" static="no" const="no" explicit="no" inline="yes" virt="non-virtual">
        <type>int</type>
        <definition>int Storage::countLeapYears</definition>
        <argsstring>(Date d)</argsstring>
        <name>countLeapYears</name>
        <param>
          <type><ref refid="class_date" kindref="compound">Date</ref></type>
          <declname>d</declname>
        </param>
        <briefdescription>
<para>used to coutn leap years - it is used in daysBetweenTwoDates method </para>
        </briefdescription>
        <detaileddescription>
        </detaileddescription>
        <inbodydescription>
        </inbodydescription>
        <location file="D:/SU_2019_2020/OOP_2020/projects/project_02/Storage/project_2_Storage/project_2_Storage/Storage.h" line="21" column="5" bodyfile="D:/SU_2019_2020/OOP_2020/projects/project_02/Storage/project_2_Storage/project_2_Storage/Storage.h" bodystart="21" bodyend="31"/>
        <references refid="class_date_1a89ae60bad421600e3ee901eb0df44975" compoundref="_date_8cpp" startline="216" endline="219">Date::get_month</references>
        <references refid="class_date_1a9e77e9f49890449fea9aeb8114da95ff" compoundref="_date_8cpp" startline="220" endline="223">Date::get_year</references>
      </memberdef>
      <memberdef kind="function" id="class_storage_1aa082b9e881a9229ca4f997e359a095c7" prot="private" static="no" const="no" explicit="no" inline="yes" virt="non-virtual">
        <type>int</type>
        <definition>int Storage::daysBetweenTwoDates</definition>
        <argsstring>(Date firstDate, Date secondDate)</argsstring>
        <name>daysBetweenTwoDates</name>
        <param>
          <type><ref refid="class_date" kindref="compound">Date</ref></type>
          <declname>firstDate</declname>
        </param>
        <param>
          <type><ref refid="class_date" kindref="compound">Date</ref></type>
          <declname>secondDate</declname>
        </param>
        <briefdescription>
<para>count days between two dates </para>
        </briefdescription>
        <detaileddescription>
        </detaileddescription>
        <inbodydescription>
        </inbodydescription>
        <location file="D:/SU_2019_2020/OOP_2020/projects/project_02/Storage/project_2_Storage/project_2_Storage/Storage.h" line="33" column="5" bodyfile="D:/SU_2019_2020/OOP_2020/projects/project_02/Storage/project_2_Storage/project_2_Storage/Storage.h" bodystart="33" bodyend="53"/>
        <references refid="class_storage_1ae2a8163311a2ad8c732abc2fdfa8133a" compoundref="_storage_8h" startline="21" endline="31">countLeapYears</references>
        <references refid="class_date_1a86208bd42da6587c4b45ed93d688d483" compoundref="_date_8cpp" startline="212" endline="215">Date::get_day</references>
        <references refid="class_date_1a89ae60bad421600e3ee901eb0df44975" compoundref="_date_8cpp" startline="216" endline="219">Date::get_month</references>
        <references refid="class_date_1a9e77e9f49890449fea9aeb8114da95ff" compoundref="_date_8cpp" startline="220" endline="223">Date::get_year</references>
      </memberdef>
      <memberdef kind="function" id="class_storage_1af40db1f3a14fc7a6ef1191652cd25ca8" prot="private" static="no" const="no" explicit="no" inline="yes" virt="non-virtual">
        <type>void</type>
        <definition>void Storage::generate_places</definition>
        <argsstring>()</argsstring>
        <name>generate_places</name>
        <briefdescription>
<para>creates al places in a storage </para>
        </briefdescription>
        <detaileddescription>
        </detaileddescription>
        <inbodydescription>
        </inbodydescription>
        <location file="D:/SU_2019_2020/OOP_2020/projects/project_02/Storage/project_2_Storage/project_2_Storage/Storage.h" line="69" column="6" bodyfile="D:/SU_2019_2020/OOP_2020/projects/project_02/Storage/project_2_Storage/project_2_Storage/Storage.h" bodystart="69" bodyend="117"/>
        <references refid="class_place_1a02d51d6d7576dccf4a551af3dedf7672" compoundref="_place_8cpp" startline="57" endline="60">Place::set_number</references>
        <references refid="class_place_1a00a4962b81cfc86cd5bf7e182bd1b55d" compoundref="_place_8cpp" startline="49" endline="52">Place::set_section</references>
        <references refid="class_place_1a4e9bf9dde239d4569daddca8e4a58850" compoundref="_place_8cpp" startline="53" endline="56">Place::set_shelf</references>
      </memberdef>
      <memberdef kind="function" id="class_storage_1a8280556e359cbfbf28adb97649816702" prot="private" static="no" const="no" explicit="no" inline="yes" virt="non-virtual">
        <type><ref refid="class_date" kindref="compound">Date</ref></type>
        <definition>Date Storage::get_currentDate</definition>
        <argsstring>()</argsstring>
        <name>get_currentDate</name>
        <briefdescription>
<para>gets current date </para>
        </briefdescription>
        <detaileddescription>
        </detaileddescription>
        <inbodydescription>
        </inbodydescription>
        <location file="D:/SU_2019_2020/OOP_2020/projects/project_02/Storage/project_2_Storage/project_2_Storage/Storage.h" line="55" column="6" bodyfile="D:/SU_2019_2020/OOP_2020/projects/project_02/Storage/project_2_Storage/project_2_Storage/Storage.h" bodystart="55" bodyend="67"/>
      </memberdef>
      </sectiondef>
      <sectiondef kind="public-func">
      <memberdef kind="function" id="class_storage_1af661b341e3db2afdd857f3395230a49a" prot="public" static="no" const="no" explicit="no" inline="no" virt="non-virtual">
        <type>void</type>
        <definition>void Storage::add</definition>
        <argsstring>(const Product &amp;product)</argsstring>
        <name>add</name>
        <param>
          <type>const <ref refid="class_product" kindref="compound">Product</ref> &amp;</type>
          <declname>product</declname>
        </param>
        <briefdescription>
<para>adds a product in the storage </para>
        </briefdescription>
        <detaileddescription>
        </detaileddescription>
        <inbodydescription>
        </inbodydescription>
        <location file="D:/SU_2019_2020/OOP_2020/projects/project_02/Storage/project_2_Storage/project_2_Storage/Storage.h" line="124" column="6" bodyfile="D:/SU_2019_2020/OOP_2020/projects/project_02/Storage/project_2_Storage/project_2_Storage/Storage.cpp" bodystart="49" bodyend="96"/>
        <references refid="class_storage_1ac70f9c3b5b46699ea541cb3a25693f20" compoundref="_storage_8h" startline="18">commands</references>
        <references refid="class_storage_1a8280556e359cbfbf28adb97649816702" compoundref="_storage_8h" startline="55" endline="67">get_currentDate</references>
        <references refid="class_product_1a3a2d8273a71d12ef45b41153e56fabcd" compoundref="_product_8cpp" startline="35" endline="38">Product::get_expirationDate</references>
        <references refid="class_product_1a1f0ec3112ddc76f10ce4a6f87fc3a40a" compoundref="_product_8cpp" startline="31" endline="34">Product::get_name</references>
        <references refid="class_product_1a92caa608f81ad35b516cef84720ac9f9" compoundref="_product_8cpp" startline="59" endline="62">Product::get_quantity</references>
        <references refid="class_product_1ac7a1df307388614b6dd5d1eaed5530b9" compoundref="_product_8cpp" startline="51" endline="54">Product::get_volume</references>
        <references refid="class_storage_1a980c430120597bdbb8ace78ba5330158" compoundref="_storage_8h" startline="17">places</references>
      </memberdef>
      <memberdef kind="function" id="class_storage_1abab522b400d5584c63f22344205f5027" prot="public" static="no" const="no" explicit="no" inline="no" virt="non-virtual">
        <type>void</type>
        <definition>void Storage::clean</definition>
        <argsstring>(const Date &amp;date)</argsstring>
        <name>clean</name>
        <param>
          <type>const <ref refid="class_date" kindref="compound">Date</ref> &amp;</type>
          <declname>date</declname>
        </param>
        <briefdescription>
<para>cleans expired products </para>
        </briefdescription>
        <detaileddescription>
        </detaileddescription>
        <inbodydescription>
        </inbodydescription>
        <location file="D:/SU_2019_2020/OOP_2020/projects/project_02/Storage/project_2_Storage/project_2_Storage/Storage.h" line="127" column="6" bodyfile="D:/SU_2019_2020/OOP_2020/projects/project_02/Storage/project_2_Storage/project_2_Storage/Storage.cpp" bodystart="182" bodyend="202"/>
        <references refid="class_storage_1ac70f9c3b5b46699ea541cb3a25693f20" compoundref="_storage_8h" startline="18">commands</references>
        <references refid="class_storage_1aa082b9e881a9229ca4f997e359a095c7" compoundref="_storage_8h" startline="33" endline="53">daysBetweenTwoDates</references>
        <references refid="class_storage_1a8280556e359cbfbf28adb97649816702" compoundref="_storage_8h" startline="55" endline="67">get_currentDate</references>
        <references refid="class_storage_1a980c430120597bdbb8ace78ba5330158" compoundref="_storage_8h" startline="17">places</references>
      </memberdef>
      <memberdef kind="function" id="class_storage_1a2a46b374fc188c585a57a10a6fe1bd4d" prot="public" static="no" const="no" explicit="no" inline="no" virt="non-virtual">
        <type>void</type>
        <definition>void Storage::log</definition>
        <argsstring>(const Date &amp;from, const Date &amp;to)</argsstring>
        <name>log</name>
        <param>
          <type>const <ref refid="class_date" kindref="compound">Date</ref> &amp;</type>
          <declname>from</declname>
        </param>
        <param>
          <type>const <ref refid="class_date" kindref="compound">Date</ref> &amp;</type>
          <declname>to</declname>
        </param>
        <briefdescription>
<para>print commands in a given period on the console </para>
        </briefdescription>
        <detaileddescription>
        </detaileddescription>
        <inbodydescription>
        </inbodydescription>
        <location file="D:/SU_2019_2020/OOP_2020/projects/project_02/Storage/project_2_Storage/project_2_Storage/Storage.h" line="126" column="6" bodyfile="D:/SU_2019_2020/OOP_2020/projects/project_02/Storage/project_2_Storage/project_2_Storage/Storage.cpp" bodystart="168" bodyend="180"/>
        <references refid="class_storage_1ac70f9c3b5b46699ea541cb3a25693f20" compoundref="_storage_8h" startline="18">commands</references>
      </memberdef>
      <memberdef kind="function" id="class_storage_1a73df5f67fd76f334e3511b2850882974" prot="public" static="no" const="no" explicit="no" inline="no" virt="non-virtual">
        <type>void</type>
        <definition>void Storage::print</definition>
        <argsstring>()</argsstring>
        <name>print</name>
        <briefdescription>
<para>prints the products on the console </para>
        </briefdescription>
        <detaileddescription>
        </detaileddescription>
        <inbodydescription>
        </inbodydescription>
        <location file="D:/SU_2019_2020/OOP_2020/projects/project_02/Storage/project_2_Storage/project_2_Storage/Storage.h" line="123" column="6" bodyfile="D:/SU_2019_2020/OOP_2020/projects/project_02/Storage/project_2_Storage/project_2_Storage/Storage.cpp" bodystart="19" bodyend="47"/>
        <references refid="class_storage_1ac70f9c3b5b46699ea541cb3a25693f20" compoundref="_storage_8h" startline="18">commands</references>
        <references refid="class_storage_1a8280556e359cbfbf28adb97649816702" compoundref="_storage_8h" startline="55" endline="67">get_currentDate</references>
        <references refid="class_storage_1a980c430120597bdbb8ace78ba5330158" compoundref="_storage_8h" startline="17">places</references>
      </memberdef>
      <memberdef kind="function" id="class_storage_1aac507cb42c5556d93e05066b5404e2a3" prot="public" static="no" const="no" explicit="no" inline="no" virt="non-virtual">
        <type>void</type>
        <definition>void Storage::print_on_file</definition>
        <argsstring>(std::ofstream &amp;file)</argsstring>
        <name>print_on_file</name>
        <param>
          <type>std::ofstream &amp;</type>
          <declname>file</declname>
        </param>
        <briefdescription>
<para>prints storare on file </para>
        </briefdescription>
        <detaileddescription>
        </detaileddescription>
        <inbodydescription>
        </inbodydescription>
        <location file="D:/SU_2019_2020/OOP_2020/projects/project_02/Storage/project_2_Storage/project_2_Storage/Storage.h" line="129" column="6" bodyfile="D:/SU_2019_2020/OOP_2020/projects/project_02/Storage/project_2_Storage/project_2_Storage/Storage.cpp" bodystart="205" bodyend="231"/>
        <references refid="class_storage_1a980c430120597bdbb8ace78ba5330158" compoundref="_storage_8h" startline="17">places</references>
        <references refid="class_storage_1ad7902462fa9d7c09c5fd989e302c21d8" compoundref="_storage_8h" startline="16">volume</references>
      </memberdef>
      <memberdef kind="function" id="class_storage_1a134469d697be6e9c7f82058a6da6ecad" prot="public" static="no" const="no" explicit="no" inline="no" virt="non-virtual">
        <type>void</type>
        <definition>void Storage::remove</definition>
        <argsstring>(const std::string &amp;name, int quantity)</argsstring>
        <name>remove</name>
        <param>
          <type>const std::string &amp;</type>
          <declname>name</declname>
        </param>
        <param>
          <type>int</type>
          <declname>quantity</declname>
        </param>
        <briefdescription>
<para>removes a product from the storage </para>
        </briefdescription>
        <detaileddescription>
        </detaileddescription>
        <inbodydescription>
        </inbodydescription>
        <location file="D:/SU_2019_2020/OOP_2020/projects/project_02/Storage/project_2_Storage/project_2_Storage/Storage.h" line="125" column="6" bodyfile="D:/SU_2019_2020/OOP_2020/projects/project_02/Storage/project_2_Storage/project_2_Storage/Storage.cpp" bodystart="98" bodyend="166"/>
        <references refid="class_storage_1af661b341e3db2afdd857f3395230a49a" compoundref="_storage_8cpp" startline="49" endline="96">add</references>
        <references refid="class_storage_1ac70f9c3b5b46699ea541cb3a25693f20" compoundref="_storage_8h" startline="18">commands</references>
        <references refid="class_storage_1a8280556e359cbfbf28adb97649816702" compoundref="_storage_8h" startline="55" endline="67">get_currentDate</references>
        <references refid="class_storage_1a980c430120597bdbb8ace78ba5330158" compoundref="_storage_8h" startline="17">places</references>
      </memberdef>
      <memberdef kind="function" id="class_storage_1a292246f1c4b719a112638bdc73109664" prot="public" static="no" const="no" explicit="no" inline="no" virt="non-virtual">
        <type>void</type>
        <definition>void Storage::set_volume</definition>
        <argsstring>(int volume)</argsstring>
        <name>set_volume</name>
        <param>
          <type>int</type>
          <declname>volume</declname>
        </param>
        <briefdescription>
<para>sets the colume and creates the places in the storage </para>
        </briefdescription>
        <detaileddescription>
        </detaileddescription>
        <inbodydescription>
        </inbodydescription>
        <location file="D:/SU_2019_2020/OOP_2020/projects/project_02/Storage/project_2_Storage/project_2_Storage/Storage.h" line="121" column="6" bodyfile="D:/SU_2019_2020/OOP_2020/projects/project_02/Storage/project_2_Storage/project_2_Storage/Storage.cpp" bodystart="12" bodyend="16"/>
        <references refid="class_storage_1af40db1f3a14fc7a6ef1191652cd25ca8" compoundref="_storage_8h" startline="69" endline="117">generate_places</references>
        <references refid="class_storage_1ad7902462fa9d7c09c5fd989e302c21d8" compoundref="_storage_8h" startline="16">volume</references>
      </memberdef>
      <memberdef kind="function" id="class_storage_1a80ef6af5e4c9fd4424ae16e808d05291" prot="public" static="no" const="no" explicit="no" inline="no" virt="non-virtual">
        <type></type>
        <definition>Storage::Storage</definition>
        <argsstring>()</argsstring>
        <name>Storage</name>
        <briefdescription>
        </briefdescription>
        <detaileddescription>
        </detaileddescription>
        <inbodydescription>
        </inbodydescription>
        <location file="D:/SU_2019_2020/OOP_2020/projects/project_02/Storage/project_2_Storage/project_2_Storage/Storage.h" line="119" column="1" bodyfile="D:/SU_2019_2020/OOP_2020/projects/project_02/Storage/project_2_Storage/project_2_Storage/Storage.cpp" bodystart="6" bodyend="9"/>
        <references refid="class_storage_1ad7902462fa9d7c09c5fd989e302c21d8" compoundref="_storage_8h" startline="16">volume</references>
      </memberdef>
      </sectiondef>
    <briefdescription>
<para>Class which defines a <ref refid="class_storage" kindref="compound">Storage</ref>. </para>
    </briefdescription>
    <detaileddescription>
    </detaileddescription>
    <location file="D:/SU_2019_2020/OOP_2020/projects/project_02/Storage/project_2_Storage/project_2_Storage/Storage.h" line="13" column="1" bodyfile="D:/SU_2019_2020/OOP_2020/projects/project_02/Storage/project_2_Storage/project_2_Storage/Storage.h" bodystart="14" bodyend="130"/>
    <listofallmembers>
      <member refid="class_storage_1af661b341e3db2afdd857f3395230a49a" prot="public" virt="non-virtual"><scope>Storage</scope><name>add</name></member>
      <member refid="class_storage_1abab522b400d5584c63f22344205f5027" prot="public" virt="non-virtual"><scope>Storage</scope><name>clean</name></member>
      <member refid="class_storage_1ac70f9c3b5b46699ea541cb3a25693f20" prot="private" virt="non-virtual"><scope>Storage</scope><name>commands</name></member>
      <member refid="class_storage_1ae2a8163311a2ad8c732abc2fdfa8133a" prot="private" virt="non-virtual"><scope>Storage</scope><name>countLeapYears</name></member>
      <member refid="class_storage_1aa082b9e881a9229ca4f997e359a095c7" prot="private" virt="non-virtual"><scope>Storage</scope><name>daysBetweenTwoDates</name></member>
      <member refid="class_storage_1af40db1f3a14fc7a6ef1191652cd25ca8" prot="private" virt="non-virtual"><scope>Storage</scope><name>generate_places</name></member>
      <member refid="class_storage_1a8280556e359cbfbf28adb97649816702" prot="private" virt="non-virtual"><scope>Storage</scope><name>get_currentDate</name></member>
      <member refid="class_storage_1a2a46b374fc188c585a57a10a6fe1bd4d" prot="public" virt="non-virtual"><scope>Storage</scope><name>log</name></member>
      <member refid="class_storage_1a980c430120597bdbb8ace78ba5330158" prot="private" virt="non-virtual"><scope>Storage</scope><name>places</name></member>
      <member refid="class_storage_1a73df5f67fd76f334e3511b2850882974" prot="public" virt="non-virtual"><scope>Storage</scope><name>print</name></member>
      <member refid="class_storage_1aac507cb42c5556d93e05066b5404e2a3" prot="public" virt="non-virtual"><scope>Storage</scope><name>print_on_file</name></member>
      <member refid="class_storage_1a134469d697be6e9c7f82058a6da6ecad" prot="public" virt="non-virtual"><scope>Storage</scope><name>remove</name></member>
      <member refid="class_storage_1a292246f1c4b719a112638bdc73109664" prot="public" virt="non-virtual"><scope>Storage</scope><name>set_volume</name></member>
      <member refid="class_storage_1a80ef6af5e4c9fd4424ae16e808d05291" prot="public" virt="non-virtual"><scope>Storage</scope><name>Storage</name></member>
      <member refid="class_storage_1ad7902462fa9d7c09c5fd989e302c21d8" prot="private" virt="non-virtual"><scope>Storage</scope><name>volume</name></member>
    </listofallmembers>
  </compounddef>
</doxygen>
