<?xml version='1.0' encoding='UTF-8' standalone='no'?>
<doxygen xmlns:xsi="http://www.w3.org/2001/XMLSchema-instance" xsi:noNamespaceSchemaLocation="compound.xsd" version="1.8.18">
  <compounddef id="dir_12749a6e7c184ba64938d74679cfca75" kind="dir">
    <compoundname>D:/SU_2019_2020/OOP_2020/projects/project_02/Storage/project_2_Storage</compoundname>
    <innerdir refid="dir_d36ae2db5ae37bd6572f251f68fa063d">D:/SU_2019_2020/OOP_2020/projects/project_02/Storage/project_2_Storage/project_2_Storage</innerdir>
    <briefdescription>
    </briefdescription>
    <detaileddescription>
    </detaileddescription>
    <location file="D:/SU_2019_2020/OOP_2020/projects/project_02/Storage/project_2_Storage/"/>
  </compounddef>
</doxygen>
