<?xml version='1.0' encoding='UTF-8' standalone='no'?>
<doxygen xmlns:xsi="http://www.w3.org/2001/XMLSchema-instance" xsi:noNamespaceSchemaLocation="compound.xsd" version="1.8.18">
  <compounddef id="dir_d36ae2db5ae37bd6572f251f68fa063d" kind="dir">
    <compoundname>D:/SU_2019_2020/OOP_2020/projects/project_02/Storage/project_2_Storage/project_2_Storage</compoundname>
    <innerfile refid="_command_8cpp">Command.cpp</innerfile>
    <innerfile refid="_command_8h">Command.h</innerfile>
    <innerfile refid="_date_8cpp">Date.cpp</innerfile>
    <innerfile refid="_date_8h">Date.h</innerfile>
    <innerfile refid="_place_8cpp">Place.cpp</innerfile>
    <innerfile refid="_place_8h">Place.h</innerfile>
    <innerfile refid="_product_8cpp">Product.cpp</innerfile>
    <innerfile refid="_product_8h">Product.h</innerfile>
    <innerfile refid="project__2___storage_8cpp">project_2_Storage.cpp</innerfile>
    <innerfile refid="stdafx_8cpp">stdafx.cpp</innerfile>
    <innerfile refid="stdafx_8h">stdafx.h</innerfile>
    <innerfile refid="_storage_8cpp">Storage.cpp</innerfile>
    <innerfile refid="_storage_8h">Storage.h</innerfile>
    <innerfile refid="targetver_8h">targetver.h</innerfile>
    <briefdescription>
    </briefdescription>
    <detaileddescription>
    </detaileddescription>
    <location file="D:/SU_2019_2020/OOP_2020/projects/project_02/Storage/project_2_Storage/project_2_Storage/"/>
  </compounddef>
</doxygen>
