<?xml version='1.0' encoding='UTF-8' standalone='no'?>
<doxygenindex xmlns:xsi="http://www.w3.org/2001/XMLSchema-instance" xsi:noNamespaceSchemaLocation="index.xsd" version="1.8.18">
  <compound refid="class_command" kind="class"><name>Command</name>
    <member refid="class_command_1a7a6e618851df0485fd4cc264cb222e99" kind="variable"><name>command</name></member>
    <member refid="class_command_1a17e3b6a10cc11eb0685fcde511637f0c" kind="variable"><name>date</name></member>
    <member refid="class_command_1a18df2d81039392daeb0b78c346a70537" kind="function"><name>Command</name></member>
    <member refid="class_command_1a48745ed3b501f2ed0558e2b683e9878f" kind="function"><name>Command</name></member>
    <member refid="class_command_1a8f6febe357b2cf07a12a23a52472367d" kind="function"><name>get_command</name></member>
    <member refid="class_command_1a18a0dec3800b9e6ae25619068af4bd4f" kind="function"><name>get_date</name></member>
  </compound>
  <compound refid="class_date" kind="class"><name>Date</name>
    <member refid="class_date_1a5b192adcabf2b2871e3f0b76c1ec1601" kind="variable"><name>day</name></member>
    <member refid="class_date_1a533843e07c6ac8d19fee9b16f5336ba2" kind="variable"><name>month</name></member>
    <member refid="class_date_1a3eeced2ed56bc95d56782b9e738db8ea" kind="variable"><name>year</name></member>
    <member refid="class_date_1a4e59ed4ba66eec61c27460c5d09fa1bd" kind="function"><name>Date</name></member>
    <member refid="class_date_1ab1ad19969fa570605a6b0cd32b0da822" kind="function"><name>Date</name></member>
    <member refid="class_date_1a86208bd42da6587c4b45ed93d688d483" kind="function"><name>get_day</name></member>
    <member refid="class_date_1a89ae60bad421600e3ee901eb0df44975" kind="function"><name>get_month</name></member>
    <member refid="class_date_1a9e77e9f49890449fea9aeb8114da95ff" kind="function"><name>get_year</name></member>
    <member refid="class_date_1a2d9cc2faa8fedf1cc29d078c8c330424" kind="function"><name>operator!=</name></member>
    <member refid="class_date_1ab45910c75ae7ac2ae79b138730007882" kind="function"><name>operator&lt;</name></member>
    <member refid="class_date_1a532290fc786f617aa5d5f55cd2159298" kind="function"><name>operator&lt;=</name></member>
    <member refid="class_date_1afbed03b8e5f81cc205b4b183465e8115" kind="function"><name>operator=</name></member>
    <member refid="class_date_1ab5b9f0682e6285af51521159e7b65fdc" kind="function"><name>operator==</name></member>
    <member refid="class_date_1ab6ee13b33bb48680f1b0afa819ec178a" kind="function"><name>operator&gt;</name></member>
    <member refid="class_date_1aa383aca21b89372e5ac8cdd0eb20daf6" kind="function"><name>operator&gt;=</name></member>
    <member refid="class_date_1a38368873510ede78cdf2b95d94ed5184" kind="function"><name>set_day</name></member>
    <member refid="class_date_1af646936426b1ae00cf60eeb36003a397" kind="function"><name>set_month</name></member>
    <member refid="class_date_1afd39dbc0dfb19465585b6dcc20ffb206" kind="function"><name>set_year</name></member>
  </compound>
  <compound refid="class_place" kind="class"><name>Place</name>
    <member refid="class_place_1afd0fb3fb3dadb6c339bd8577261e553c" kind="variable"><name>current_volume</name></member>
    <member refid="class_place_1a830d0cbd6118337e27fa3952c04df72d" kind="variable"><name>number</name></member>
    <member refid="class_place_1ac22598f53df4251a07736cc16de1cc50" kind="variable"><name>products</name></member>
    <member refid="class_place_1ac83bdec171f39b5976ac832ccf0e922c" kind="variable"><name>section</name></member>
    <member refid="class_place_1a7e8f242bfd96a4ae4a08c7d395e7644c" kind="variable"><name>shelf</name></member>
    <member refid="class_place_1a04282a657b721411f4f203d892eb1098" kind="variable"><name>volume</name></member>
    <member refid="class_place_1af595ae1fb6811e5384340fdecfb75b50" kind="function"><name>add_product</name></member>
    <member refid="class_place_1a296b3568f23c9daa916b6deb3b6245b9" kind="function"><name>get_current_volume</name></member>
    <member refid="class_place_1abcacb7c6a6c953c6a4e4759b85318210" kind="function"><name>get_number</name></member>
    <member refid="class_place_1ae7f0023d4d764138b9741c0f741ec739" kind="function"><name>get_products</name></member>
    <member refid="class_place_1a0c227aafaa1c508078dc3c07c17d04af" kind="function"><name>get_section</name></member>
    <member refid="class_place_1a6e28bffa98a3fbfbc69fe5724494286b" kind="function"><name>get_shelf</name></member>
    <member refid="class_place_1a3ec453e09ac58b807f9095a46c755012" kind="function"><name>get_volume</name></member>
    <member refid="class_place_1ab5ae86c31e3a4c91800fb396d38e7a2b" kind="function"><name>Place</name></member>
    <member refid="class_place_1a2f47bf8a9320cfa5e74229b742f86301" kind="function"><name>Place</name></member>
    <member refid="class_place_1a5adf99ff0c8f13c918719a57e595f2c0" kind="function"><name>set_current_volume</name></member>
    <member refid="class_place_1a02d51d6d7576dccf4a551af3dedf7672" kind="function"><name>set_number</name></member>
    <member refid="class_place_1af495e78f80062f75e48e82224ff63134" kind="function"><name>set_products</name></member>
    <member refid="class_place_1a00a4962b81cfc86cd5bf7e182bd1b55d" kind="function"><name>set_section</name></member>
    <member refid="class_place_1a4e9bf9dde239d4569daddca8e4a58850" kind="function"><name>set_shelf</name></member>
    <member refid="class_place_1a77b8464a08e294bf39786bfa54e4258a" kind="function"><name>set_volume</name></member>
  </compound>
  <compound refid="class_product" kind="class"><name>Product</name>
    <member refid="class_product_1a2ff85a008d3fa1a87e3da86467ed6a31" kind="variable"><name>expirationDate</name></member>
    <member refid="class_product_1a9703c835bc2f66c0101755e0aed24468" kind="variable"><name>goesInStorage</name></member>
    <member refid="class_product_1af3d21858bb34986f54309b877678daa8" kind="variable"><name>manufacturer</name></member>
    <member refid="class_product_1a6f88e6ff8cb26b1cce49a41e72e4fcb8" kind="variable"><name>name</name></member>
    <member refid="class_product_1a167e001e3a14c62fa7368b93f9b147dd" kind="variable"><name>note</name></member>
    <member refid="class_product_1a299430b8756aba9f6d44af46831791cc" kind="variable"><name>quantity</name></member>
    <member refid="class_product_1a6b5470d913ca0ac1756d79756b858c4c" kind="variable"><name>unit</name></member>
    <member refid="class_product_1afa8c9c45dada6dd87d6ccd200d1d92b9" kind="variable"><name>volume</name></member>
    <member refid="class_product_1a3a2d8273a71d12ef45b41153e56fabcd" kind="function"><name>get_expirationDate</name></member>
    <member refid="class_product_1a6d4adb3d6cecf65316bdeb886e2bc427" kind="function"><name>get_goesInStorage</name></member>
    <member refid="class_product_1ac9d05228c2ec92dd1bc1762ce8acfa57" kind="function"><name>get_manufacturer</name></member>
    <member refid="class_product_1a1f0ec3112ddc76f10ce4a6f87fc3a40a" kind="function"><name>get_name</name></member>
    <member refid="class_product_1a1e8bbe4cd01bbbf9b1db683acd7905ee" kind="function"><name>get_note</name></member>
    <member refid="class_product_1a92caa608f81ad35b516cef84720ac9f9" kind="function"><name>get_quantity</name></member>
    <member refid="class_product_1a9fb52bb765e7da08d68226f3a243e17a" kind="function"><name>get_unit</name></member>
    <member refid="class_product_1ac7a1df307388614b6dd5d1eaed5530b9" kind="function"><name>get_volume</name></member>
    <member refid="class_product_1ab1ec9d63a5fe9bd3c4a478668a42988f" kind="function"><name>increaseQuantity</name></member>
    <member refid="class_product_1a847c1d85e67ce387166a597579a55135" kind="function"><name>Product</name></member>
    <member refid="class_product_1a699bca28167d8fe305b6669f5478ee23" kind="function"><name>Product</name></member>
    <member refid="class_product_1a55d41ac4601dcd03c37a785e49406ed0" kind="function"><name>set_expirationDate</name></member>
    <member refid="class_product_1a9c4b8c10481bf0f5e7dcba1de3c6c346" kind="function"><name>set_goesInStorage</name></member>
    <member refid="class_product_1a6d351da3aa23dea01070dc02f3bf34a7" kind="function"><name>set_manufacurer</name></member>
    <member refid="class_product_1a8301fe32e7b93bd8fe343d30f19930ae" kind="function"><name>set_name</name></member>
    <member refid="class_product_1a3bb1464d62fcd8dea475ddbfe5d72f97" kind="function"><name>set_note</name></member>
    <member refid="class_product_1a52131706c7e1e50cf3609648f8761969" kind="function"><name>set_quantity</name></member>
    <member refid="class_product_1ab79a6ae7127a580f14e2d60ac79e8817" kind="function"><name>set_unit</name></member>
    <member refid="class_product_1aa83c84b876af3d1017045ca4e7322f2e" kind="function"><name>set_volume</name></member>
  </compound>
  <compound refid="class_storage" kind="class"><name>Storage</name>
    <member refid="class_storage_1ac70f9c3b5b46699ea541cb3a25693f20" kind="variable"><name>commands</name></member>
    <member refid="class_storage_1a980c430120597bdbb8ace78ba5330158" kind="variable"><name>places</name></member>
    <member refid="class_storage_1ad7902462fa9d7c09c5fd989e302c21d8" kind="variable"><name>volume</name></member>
    <member refid="class_storage_1ae2a8163311a2ad8c732abc2fdfa8133a" kind="function"><name>countLeapYears</name></member>
    <member refid="class_storage_1aa082b9e881a9229ca4f997e359a095c7" kind="function"><name>daysBetweenTwoDates</name></member>
    <member refid="class_storage_1af40db1f3a14fc7a6ef1191652cd25ca8" kind="function"><name>generate_places</name></member>
    <member refid="class_storage_1a8280556e359cbfbf28adb97649816702" kind="function"><name>get_currentDate</name></member>
    <member refid="class_storage_1af661b341e3db2afdd857f3395230a49a" kind="function"><name>add</name></member>
    <member refid="class_storage_1abab522b400d5584c63f22344205f5027" kind="function"><name>clean</name></member>
    <member refid="class_storage_1a2a46b374fc188c585a57a10a6fe1bd4d" kind="function"><name>log</name></member>
    <member refid="class_storage_1a73df5f67fd76f334e3511b2850882974" kind="function"><name>print</name></member>
    <member refid="class_storage_1aac507cb42c5556d93e05066b5404e2a3" kind="function"><name>print_on_file</name></member>
    <member refid="class_storage_1a134469d697be6e9c7f82058a6da6ecad" kind="function"><name>remove</name></member>
    <member refid="class_storage_1a292246f1c4b719a112638bdc73109664" kind="function"><name>set_volume</name></member>
    <member refid="class_storage_1a80ef6af5e4c9fd4424ae16e808d05291" kind="function"><name>Storage</name></member>
  </compound>
  <compound refid="_command_8cpp" kind="file"><name>Command.cpp</name>
  </compound>
  <compound refid="_command_8h" kind="file"><name>Command.h</name>
  </compound>
  <compound refid="_date_8cpp" kind="file"><name>Date.cpp</name>
  </compound>
  <compound refid="_date_8h" kind="file"><name>Date.h</name>
  </compound>
  <compound refid="_input___storage_8txt" kind="file"><name>Input_Storage.txt</name>
  </compound>
  <compound refid="_place_8cpp" kind="file"><name>Place.cpp</name>
  </compound>
  <compound refid="_place_8h" kind="file"><name>Place.h</name>
  </compound>
  <compound refid="_product_8cpp" kind="file"><name>Product.cpp</name>
  </compound>
  <compound refid="_product_8h" kind="file"><name>Product.h</name>
  </compound>
  <compound refid="project__2___storage_8cpp" kind="file"><name>project_2_Storage.cpp</name>
    <member refid="project__2___storage_8cpp_1a7500059836dc1bccc7e9afc3b7fc9019" kind="function"><name>main</name></member>
  </compound>
  <compound refid="stdafx_8cpp" kind="file"><name>stdafx.cpp</name>
  </compound>
  <compound refid="stdafx_8h" kind="file"><name>stdafx.h</name>
  </compound>
  <compound refid="_storage_8cpp" kind="file"><name>Storage.cpp</name>
  </compound>
  <compound refid="_storage_8h" kind="file"><name>Storage.h</name>
  </compound>
  <compound refid="targetver_8h" kind="file"><name>targetver.h</name>
  </compound>
  <compound refid="dir_12749a6e7c184ba64938d74679cfca75" kind="dir"><name>D:/SU_2019_2020/OOP_2020/projects/project_02/Storage/project_2_Storage</name>
  </compound>
  <compound refid="dir_d36ae2db5ae37bd6572f251f68fa063d" kind="dir"><name>D:/SU_2019_2020/OOP_2020/projects/project_02/Storage/project_2_Storage/project_2_Storage</name>
  </compound>
  <compound refid="dir_d29c5f5a2915d6c5388c9daae4f109c7" kind="dir"><name>D:/SU_2019_2020/OOP_2020/projects/project_02/Storage</name>
  </compound>
</doxygenindex>
