<?xml version='1.0' encoding='UTF-8' standalone='no'?>
<doxygen xmlns:xsi="http://www.w3.org/2001/XMLSchema-instance" xsi:noNamespaceSchemaLocation="compound.xsd" version="1.8.18">
  <compounddef id="targetver_8h" kind="file" language="C++">
    <compoundname>targetver.h</compoundname>
    <includes local="no">SDKDDKVer.h</includes>
    <includedby refid="stdafx_8h" local="yes">D:/SU_2019_2020/OOP_2020/projects/project_02/Storage/project_2_Storage/project_2_Storage/stdafx.h</includedby>
    <incdepgraph>
      <node id="2">
        <label>SDKDDKVer.h</label>
      </node>
      <node id="1">
        <label>D:/SU_2019_2020/OOP_2020/projects/project_02/Storage/project_2_Storage/project_2_Storage/targetver.h</label>
        <link refid="targetver_8h"/>
        <childnode refid="2" relation="include">
        </childnode>
      </node>
    </incdepgraph>
    <invincdepgraph>
      <node id="4">
        <label>D:/SU_2019_2020/OOP_2020/projects/project_02/Storage/project_2_Storage/project_2_Storage/Date.cpp</label>
        <link refid="_date_8cpp"/>
      </node>
      <node id="1">
        <label>D:/SU_2019_2020/OOP_2020/projects/project_02/Storage/project_2_Storage/project_2_Storage/targetver.h</label>
        <link refid="targetver_8h"/>
        <childnode refid="2" relation="include">
        </childnode>
      </node>
      <node id="3">
        <label>D:/SU_2019_2020/OOP_2020/projects/project_02/Storage/project_2_Storage/project_2_Storage/Command.cpp</label>
        <link refid="_command_8cpp"/>
      </node>
      <node id="8">
        <label>D:/SU_2019_2020/OOP_2020/projects/project_02/Storage/project_2_Storage/project_2_Storage/Storage.cpp</label>
        <link refid="_storage_8cpp"/>
      </node>
      <node id="5">
        <label>D:/SU_2019_2020/OOP_2020/projects/project_02/Storage/project_2_Storage/project_2_Storage/Place.cpp</label>
        <link refid="_place_8cpp"/>
      </node>
      <node id="6">
        <label>D:/SU_2019_2020/OOP_2020/projects/project_02/Storage/project_2_Storage/project_2_Storage/Product.cpp</label>
        <link refid="_product_8cpp"/>
      </node>
      <node id="7">
        <label>D:/SU_2019_2020/OOP_2020/projects/project_02/Storage/project_2_Storage/project_2_Storage/stdafx.cpp</label>
        <link refid="stdafx_8cpp"/>
      </node>
      <node id="2">
        <label>D:/SU_2019_2020/OOP_2020/projects/project_02/Storage/project_2_Storage/project_2_Storage/stdafx.h</label>
        <link refid="stdafx_8h"/>
        <childnode refid="3" relation="include">
        </childnode>
        <childnode refid="4" relation="include">
        </childnode>
        <childnode refid="5" relation="include">
        </childnode>
        <childnode refid="6" relation="include">
        </childnode>
        <childnode refid="7" relation="include">
        </childnode>
        <childnode refid="8" relation="include">
        </childnode>
      </node>
    </invincdepgraph>
    <briefdescription>
    </briefdescription>
    <detaileddescription>
    </detaileddescription>
    <programlisting>
<codeline lineno="1"><highlight class="normal">﻿#pragma<sp/>once</highlight></codeline>
<codeline lineno="2"><highlight class="normal"></highlight></codeline>
<codeline lineno="3"><highlight class="normal"></highlight><highlight class="comment">//<sp/>Including<sp/>SDKDDKVer.h<sp/>defines<sp/>the<sp/>highest<sp/>available<sp/>Windows<sp/>platform.</highlight><highlight class="normal"></highlight></codeline>
<codeline lineno="4"><highlight class="normal"></highlight></codeline>
<codeline lineno="5"><highlight class="normal"></highlight><highlight class="comment">//<sp/>If<sp/>you<sp/>wish<sp/>to<sp/>build<sp/>your<sp/>application<sp/>for<sp/>a<sp/>previous<sp/>Windows<sp/>platform,<sp/>include<sp/>WinSDKVer.h<sp/>and</highlight><highlight class="normal"></highlight></codeline>
<codeline lineno="6"><highlight class="normal"></highlight><highlight class="comment">//<sp/>set<sp/>the<sp/>_WIN32_WINNT<sp/>macro<sp/>to<sp/>the<sp/>platform<sp/>you<sp/>wish<sp/>to<sp/>support<sp/>before<sp/>including<sp/>SDKDDKVer.h.</highlight><highlight class="normal"></highlight></codeline>
<codeline lineno="7"><highlight class="normal"></highlight></codeline>
<codeline lineno="8"><highlight class="normal"></highlight><highlight class="preprocessor">#include<sp/>&lt;SDKDDKVer.h&gt;</highlight><highlight class="normal"></highlight></codeline>
    </programlisting>
    <location file="D:/SU_2019_2020/OOP_2020/projects/project_02/Storage/project_2_Storage/project_2_Storage/targetver.h"/>
  </compounddef>
</doxygen>
